anchor,a_text,target,t_text
1_5°c_warmer_worlds,"Projected  worlds in which  global warming  has reached and, unless otherwise indicated, been limite",1_5°c_warmer_worlds,"  1.5°C warmer worlds  Projected  worlds in which  global warming  has reached and, unless otherwise"
2030_agenda_for_sustainable_development,"A UN resolution in September 2015 adopting a plan of action for people, planet and prosperity in a n",2030_agenda_for_sustainable_development,  2030 Agenda for Sustainable Development  A UN resolution in September 2015 adopting a plan of acti
acceptability_of_policy_or_system_change,"The extent to which a policy or system change is evaluated unfavourably or favourably, or rejected o",acceptability_of_policy_or_system_change,  Acceptability of policy or system change  The extent to which a policy or system change is evaluat
adaptability,See  Adaptive capacity .,adaptability,  Adaptability  See  Adaptive capacity .
adaptation,"In  human systems , the process of adjustment to actual or expected  climate  and its effects, in or",adaptation,"  Adaptation  In  human systems , the process of adjustment to actual or expected  climate  and its "
adaptation_behaviour,See  Human behaviour .,adaptation_behaviour,  Adaptation behaviour  See  Human behaviour .
adaptation_limits,See  Adaptation .,adaptation_limits,  Adaptation limits   See  Adaptation .
adaptation_options,The array of strategies and measures that are available and appropriate for addressing  adaptation .,adaptation_options,  Adaptation options  The array of strategies and measures that are available and appropriate for ad
adaptation_pathways,See  Pathways .,adaptation_pathways,  Adaptation pathways  See  Pathways .
adaptive_capacity,"The ability of systems,  institutions , humans and other organisms to adjust to potential damage, to",adaptive_capacity,"  Adaptive capacity  The ability of systems,  institutions , humans and other organisms to adjust to"
adaptive_governance,See  Governance .,adaptive_governance,  Adaptive governance  See  Governance .
aerosol,"A suspension of airborne solid or liquid particles, with a typical size between a few nanometres and",aerosol,"  Aerosol  A suspension of airborne solid or liquid particles, with a typical size between a few nan"
afforestation,Planting of new  forests  on lands that historically have not contained forests. For a discussion of,afforestation,  Afforestation  Planting of new  forests  on lands that historically have not contained forests. Fo
agreement,"In this report, the degree of agreement within the scientific body of knowledge on a particular find",agreement,"  Agreement  In this report, the degree of agreement within the scientific body of knowledge on a pa"
air_pollution,Degradation of air quality with negative effects on human health or the natural or built environment,air_pollution,  Air pollution  Degradation of air quality with negative effects on human health or the natural or 
albedo,"The fraction of solar radiation reflected by a surface or object, often expressed as a percentage. S",albedo,"  Albedo  The fraction of solar radiation reflected by a surface or object, often expressed as a per"
anomaly,The deviation of a variable from its value averaged over a  reference period .,anomaly,  Anomaly  The deviation of a variable from its value averaged over a  reference period .
anthropocene,The ‘Anthropocene’ is a proposed new geological epoch resulting from significant human-driven change,anthropocene,  Anthropocene  The ‘Anthropocene’ is a proposed new geological epoch resulting from significant hum
anthropogenic,Resulting from or produced by human activities. See also  Anthropogenic emissions  and  Anthropogeni,anthropogenic,  Anthropogenic  Resulting from or produced by human activities. See also  Anthropogenic emissions  
anthropogenic_emissions,"Emissions of  greenhouse gases (GHGs) ,  precursors  of GHGs and aerosols caused by human activities",anthropogenic_emissions,"  Anthropogenic emissions  Emissions of  greenhouse gases (GHGs) ,  precursors  of GHGs and aerosols"
anthropogenic_removals,Anthropogenic removals refer to the withdrawal of  GHGs  from the  atmosphere  as a result of delibe,anthropogenic_removals,  Anthropogenic removals  Anthropogenic removals refer to the withdrawal of  GHGs  from the  atmosph
artificial_intelligence__ai_,"Computer systems able to perform tasks normally requiring human intelligence, such as visual percept",artificial_intelligence__ai_,  Artificial intelligence (AI)  Computer systems able to perform tasks normally requiring human inte
atmosphere,"The gaseous envelope surrounding the earth, divided into five layers – the  troposphere  which conta",atmosphere,"  Atmosphere  The gaseous envelope surrounding the earth, divided into five layers – the  tropospher"
atmosphere–ocean_general_circulation_model__aogcm_,See  Climate model .,atmosphere–ocean_general_circulation_model__aogcm_,  Atmosphere–ocean general circulation model (AOGCM)  See  Climate model .
attribution,See  Detection and attribution .,attribution,  Attribution  See  Detection and attribution .
baseline_scenario,In much of the literature the term is also usual in century-long socio-economic  projections  is har,baseline_scenario,  Baseline scenario  In much of the literature the term is also usual in century-long socio-economic
battery_electric_vehicle__bev_,See  Electric vehicle (EV) .,battery_electric_vehicle__bev_,  Battery electric vehicle (BEV)  See  Electric vehicle (EV) .
biochar,"Stable, carbon-rich material produced by heating  biomass  in an oxygen-limited environment. Biochar",biochar,"  Biochar  Stable, carbon-rich material produced by heating  biomass  in an oxygen-limited environme"
biodiversity,"Biological diversity means the variability among living organisms from all sources, including, inter",biodiversity,"  Biodiversity  Biological diversity means the variability among living organisms from all sources, "
bioenergy,Energy derived from any form of  biomass  or its metabolic by-products. See also  Biomass  and  Biof,bioenergy,  Bioenergy  Energy derived from any form of  biomass  or its metabolic by-products. See also  Bioma
bioenergy_with_carbon_dioxide_capture_and_storage__beccs_,Carbon dioxide capture and storage (CCS)  technology applied to a  bioenergy  facility. Note that de,bioenergy_with_carbon_dioxide_capture_and_storage__beccs_,  Bioenergy with carbon dioxide capture and storage (BECCS)  Carbon dioxide capture and storage (CCS
biofuel,"A fuel, generally in liquid form, produced from  biomass . Biofuels currently include bioethanol fro",biofuel,"  Biofuel  A fuel, generally in liquid form, produced from  biomass . Biofuels currently include bio"
biomass,Living or recently dead organic material. See also  Bioenergy  and  Biofuel .,biomass,  Biomass   Living or recently dead organic material. See also  Bioenergy  and  Biofuel .
biophilic_urbanism,"Designing cities with green roofs, green walls and green balconies to bring nature into the densest ",biophilic_urbanism,"  Biophilic urbanism  Designing cities with green roofs, green walls and green balconies to bring na"
black_carbon__bc_,Operationally defined  aerosol  species based on measurement of light absorption and chemical reacti,black_carbon__bc_,  Black carbon (BC)  Operationally defined  aerosol  species based on measurement of light absorptio
blue_carbon,"Blue carbon is the carbon captured by living organisms in coastal (e.g., mangroves, salt marshes, se",blue_carbon,"  Blue carbon  Blue carbon is the carbon captured by living organisms in coastal (e.g., mangroves, s"
burden_sharing__also_referred_to_as_effort_sharing_,In the ,burden_sharing__also_referred_to_as_effort_sharing_,  Burden sharing (also referred to as Effort sharing)   In the 
business_as_usual__bau_,See  Baseline scenario .,business_as_usual__bau_,  Business as usual (BAU)  See  Baseline scenario .
carbon_budget,This term refers to three concepts in the literature: (1) an assessment of  carbon cycle  sources an,carbon_budget,  Carbon budget  This term refers to three concepts in the literature: (1) an assessment of  carbon 
carbon_cycle,"The term used to describe the flow of carbon (in various forms, e.g., as  carbon dioxide (CO 2 ) , c",carbon_cycle,"  Carbon cycle  The term used to describe the flow of carbon (in various forms, e.g., as  carbon dio"
carbon_dioxide__co,"2 )  A naturally occurring gas, CO 2 is also a by-product of burning  fossil fuels  (such as oil, ga",carbon_dioxide__co,"  Carbon dioxide (CO 2 )  A naturally occurring gas, CO 2 is also a by-product of burning  fossil fu"
carbon_dioxide_capture_and_storage__ccs_,A process in which a relatively pure stream of  carbon dioxide (CO 2 )  from industrial and energy-r,carbon_dioxide_capture_and_storage__ccs_,  Carbon dioxide capture and storage (CCS)  A process in which a relatively pure stream of  carbon d
carbon_dioxide_capture_and_utilisation__ccu_,A process in which  CO 2 is captured and then used to produce a new product. If the CO 2 is stored i,carbon_dioxide_capture_and_utilisation__ccu_,  Carbon dioxide capture and utilisation (CCU)  A process in which  CO 2 is captured and then used t
carbon_dioxide_capture__utilisation_and_storage__ccus_,See  Carbon dioxide capture and utilisation (CCU) .,carbon_dioxide_capture__utilisation_and_storage__ccus_,"  Carbon dioxide capture, utilisation and storage (CCUS)  See  Carbon dioxide capture and utilisatio"
carbon_dioxide_removal__cdr_,"Anthropogenic  activities removing  CO 2 from the  atmosphere  and durably storing it in geological,",carbon_dioxide_removal__cdr_,  Carbon dioxide removal (CDR)  Anthropogenic  activities removing  CO 2 from the  atmosphere  and d
carbon_intensity,The amount of emissions of  carbon dioxide (CO 2 )  released per unit of another variable such as  g,carbon_intensity,  Carbon intensity  The amount of emissions of  carbon dioxide (CO 2 )  released per unit of another
carbon_price,The price for avoided or released  carbon dioxide (CO 2 )  or  CO 2 -equivalent emissions . This may,carbon_price,  Carbon price  The price for avoided or released  carbon dioxide (CO 2 )  or  CO 2 -equivalent emis
carbon_sequestration,"The process of storing carbon in a carbon pool. See also  Blue carbon ,  Carbon dioxide capture and ",carbon_sequestration,"  Carbon sequestration  The process of storing carbon in a carbon pool. See also  Blue carbon ,  Car"
carbon_sink,See  Sink .,carbon_sink,  Carbon sink  See  Sink .
clean_development_mechanism__cdm_,A mechanism defined under Article 12 of the  Kyoto Protocol  through which investors (governments or,clean_development_mechanism__cdm_,  Clean Development Mechanism (CDM)  A mechanism defined under Article 12 of the  Kyoto Protocol  th
climate,"Climate in a narrow sense is usually defined as the average weather, or more rigorously, as the stat",climate,"  Climate  Climate in a narrow sense is usually defined as the average weather, or more rigorously, "
climate_change,"Climate change refers to a change in the state of the  climate  that can be identified (e.g., by usi",climate_change,  Climate change  Climate change refers to a change in the state of the  climate  that can be identi
climate_change_commitment,Climate change commitment is defined as the unavoidable future  climate change  resulting from inert,climate_change_commitment,  Climate change commitment  Climate change commitment is defined as the unavoidable future  climate
climate-compatible_development__ccd_,A form of development building on climate strategies that embrace development goals and development ,climate-compatible_development__ccd_,  Climate-compatible development (CCD)  A form of development building on climate strategies that em
climate_extreme__extreme_weather_or_climate_event_,The occurrence of a value of a weather or  climate  variable above (or below) a threshold value near,climate_extreme__extreme_weather_or_climate_event_,  Climate extreme (extreme weather or climate event)  The occurrence of a value of a weather or  cli
climate_feedback,An interaction in which a perturbation in one  climate  quantity causes a change in a second and the,climate_feedback,  Climate feedback  An interaction in which a perturbation in one  climate  quantity causes a change
climate_governance,See  Governance .,climate_governance,  Climate governance  See  Governance .
climate_justice,See  Justice .,climate_justice,  Climate justice  See  Justice .
climate_model,"A numerical representation of the  climate system  based on the physical, chemical and biological pr",climate_model,"  Climate model  A numerical representation of the  climate system  based on the physical, chemical "
climate_neutrality,Concept of a state in which human activities result in no net effect on the  climate system . Achiev,climate_neutrality,  Climate neutrality  Concept of a state in which human activities result in no net effect on the  c
climate_projection,A climate  projection  is the simulated response models . Climate projections are distinguished from,climate_projection,  Climate projection  A climate  projection  is the simulated response models . Climate projections 
climate-resilient_development_pathways__crdps_,Trajectories that strengthen  sustainable development  and efforts to eradicate  poverty  and reduce,climate-resilient_development_pathways__crdps_,  Climate-resilient development pathways (CRDPs)  Trajectories that strengthen  sustainable developm
climate-resilient_pathways,Iterative processes for managing change within complex systems in order to reduce disruptions and en,climate-resilient_pathways,  Climate-resilient pathways  Iterative processes for managing change within complex systems in orde
climate_sensitivity,Climate sensitivity refers to the change in the annual  global mean surface temperature  in response,climate_sensitivity,  Climate sensitivity  Climate sensitivity refers to the change in the annual  global mean surface t
climate_services,Climate services refers to information and products that enhance users’ knowledge and understanding ,climate_services,  Climate services  Climate services refers to information and products that enhance users’ knowledg
climate-smart_agriculture__csa_,Climate-smart agriculture (CSA) is an approach that helps to guide actions needed to transform and r,climate-smart_agriculture__csa_,  Climate-smart agriculture (CSA)  Climate-smart agriculture (CSA) is an approach that helps to guid
climate_system,The climate system is the highly complex system ,climate_system,  Climate system  The climate system is the highly complex system 
climate_target,"Climate target refers to a temperature limit, concentration level, or emissions reduction goal used ",climate_target,"  Climate target  Climate target refers to a temperature limit, concentration level, or emissions re"
climate_variability,Climate variability refers to variations in the mean state and other statistics (such as standard de,climate_variability,  Climate variability  Climate variability refers to variations in the mean state and other statisti
co,2 equivalent (CO 2 -eq) emission  The amount of  carbon dioxide (CO 2 )  emission that would cause t,co,  CO 2 equivalent (CO 2 -eq) emission  The amount of  carbon dioxide (CO 2 )  emission that would ca
co-benefits,"The positive effects that a policy or measure aimed at one objective might have on other objectives,",co-benefits,  Co-benefits  The positive effects that a policy or measure aimed at one objective might have on ot
common_but_differentiated_responsibilities_and_respective_capabilities__cbdr-rc_,Common but Differentiated Responsibilities and Respective Capabilities (CBDR–RC) is a key principle ,common_but_differentiated_responsibilities_and_respective_capabilities__cbdr-rc_,  Common but Differentiated Responsibilities and Respective Capabilities (CBDR-RC)  Common but Diffe
conference_of_the_parties__cop_,"The supreme body of UN conventions, such as the  United Nations Framework Convention on Climate Chan",conference_of_the_parties__cop_,"  Conference of the Parties (COP)  The supreme body of UN conventions, such as the  United Nations F"
confidence,"The robustness of a finding based on the type, amount, quality and consistency of  evidence  (e.g., ",confidence,"  Confidence  The robustness of a finding based on the type, amount, quality and consistency of  evi"
conservation_agriculture,A coherent group of agronomic and soil management practices that reduce the disruption of soil struc,conservation_agriculture,  Conservation agriculture  A coherent group of agronomic and soil management practices that reduce 
constant_composition_commitment,See  Climate change commitment .,constant_composition_commitment,  Constant composition commitment  See  Climate change commitment .
constant_emissions_commitment,See  Climate change commitment .,constant_emissions_commitment,  Constant emissions commitment  See  Climate change commitment .
coping_capacity,"The ability of people,  institutions , organizations, and systems, using available skills, values, b",coping_capacity,"  Coping capacity  The ability of people,  institutions , organizations, and systems, using availabl"
cost–benefit_analysis,Monetary assessment of all negative and positive impacts associated with a given action. Cost–benefi,cost–benefit_analysis,  Cost–benefit analysis  Monetary assessment of all negative and positive impacts associated with a 
cost-effectiveness,A measure of the cost at which policy goal or outcome is achieved. The lower the cost the greater th,cost-effectiveness,  Cost-effectiveness  A measure of the cost at which policy goal or outcome is achieved. The lower t
coupled_model_intercomparison_project__cmip_,The Coupled Model Intercomparison Project (CMIP) is a climate modelling activity from the World Clim,coupled_model_intercomparison_project__cmip_,  Coupled Model Intercomparison Project (CMIP)  The Coupled Model Intercomparison Project (CMIP) is 
cumulative_emissions,"The total amount of emissions released over a specified period of time. See also  Carbon budget , an",cumulative_emissions,  Cumulative emissions  The total amount of emissions released over a specified period of time. See 
decarbonization,"The process by which countries, individuals or other entities aim to achieve zero fossil carbon exis",decarbonization,"  Decarbonization  The process by which countries, individuals or other entities aim to achieve zero"
decoupling,Decoupling (in relation to  climate change ) is where economic growth is no longer strongly associat,decoupling,  Decoupling  Decoupling (in relation to  climate change ) is where economic growth is no longer str
deforestation,Conversion of  forest  to non-forest. For a discussion of the term forest and related terms such as ,deforestation,  Deforestation  Conversion of  forest  to non-forest. For a discussion of the term forest and relat
deliberative_governance,See  Governance .,deliberative_governance,  Deliberative governance  See  Governance .
demand-side_measures,See  Demand- and supply-side measures .,demand-side_measures,  Demand-side measures  See  Demand- and supply-side measures .
detection,See  Detection and attribution .,detection,  Detection  See  Detection and attribution .
detection_and_attribution,Detection of change is defined as the process of demonstrating that  climate  or a system affected b,detection_and_attribution,  Detection and attribution  Detection of change is defined as the process of demonstrating that  cl
development_pathways,See  Pathways .,development_pathways,  Development pathways  See  Pathways .
direct_air_carbon_dioxide_capture_and_storage__daccs_,"Chemical process by which  CO 2 is captured directly from the ambient air, with subsequent storage. ",direct_air_carbon_dioxide_capture_and_storage__daccs_,  Direct air carbon dioxide capture and storage (DACCS)  Chemical process by which  CO 2 is captured
disaster,Severe alterations in the normal functioning of a community or a society due to hazardous physical e,disaster,  Disaster  Severe alterations in the normal functioning of a community or a society due to hazardou
disaster_risk_management__drm_,"Processes for designing, implementing, and evaluating strategies, policies, and measures to improve ",disaster_risk_management__drm_,"  Disaster risk management (DRM)  Processes for designing, implementing, and evaluating strategies, "
discount_rate,See  Discounting .,discount_rate,  Discount rate  See  Discounting .
discounting,A mathematical operation that aims to make monetary (or other) amounts received or expended at diffe,discounting,  Discounting  A mathematical operation that aims to make monetary (or other) amounts received or ex
_internal__displacement,Internal displacement refers to the forced movement of people within the country they live in. Inter,_internal__displacement,  (Internal) Displacement  Internal displacement refers to the forced movement of people within the 
distributive_equity,See  Equity .,distributive_equity,  Distributive equity  See  Equity .
distributive_justice,See  Justice .,distributive_justice,  Distributive justice  See  Justice .
double_dividend,"The extent to which revenues generated by  policy  instruments, such as carbon taxes or auctioned (t",double_dividend,"  Double dividend  The extent to which revenues generated by  policy  instruments, such as carbon ta"
downscaling,Downscaling is a method that derives local- to regional-scale (up to 100 km) information from larger,downscaling,  Downscaling   Downscaling is a method that derives local- to regional-scale (up to 100 km) informa
drought,A period of abnormally dry weather long enough to cause a serious hydrological imbalance. Drought is,drought,  Drought  A period of abnormally dry weather long enough to cause a serious hydrological imbalance.
early_warning_systems__ews_,"The set of technical, financial and  institutional capacities  needed to generate and disseminate ti",early_warning_systems__ews_,"  Early warning systems (EWS)  The set of technical, financial and  institutional capacities  needed"
earth_system_feedbacks,See  Climate feedback .,earth_system_feedbacks,  Earth system feedbacks  See  Climate feedback .
earth_system_model__esm_,A coupled atmosphere–ocean general circulation model in which a representation of the  carbon cycle ,earth_system_model__esm_,  Earth system model (ESM)  A coupled atmosphere–ocean general circulation model in which a represen
ecosystem_services,Ecological processes or functions having monetary or non-monetary value to individuals or society at,ecosystem_services,  Ecosystem services  Ecological processes or functions having monetary or non-monetary value to ind
effective_climate_sensitivity,See  Climate sensitivity .,effective_climate_sensitivity,  Effective climate sensitivity  See  Climate sensitivity .
effective_radiative_forcing,See  Radiative forcing .,effective_radiative_forcing,  Effective radiative forcing  See  Radiative forcing .
el_niño-southern_oscillation__enso_,The term El Niño was initially used to describe a warm-water current that periodically flows along t,el_niño-southern_oscillation__enso_,  El Niño-Southern Oscillation (ENSO)  The term El Niño was initially used to describe a warm-water 
electric_vehicle__ev_,A vehicle whose propulsion is powered fully or mostly by electricity. ,electric_vehicle__ev_,  Electric vehicle (EV)  A vehicle whose propulsion is powered fully or mostly by electricity. 
emission_pathways,See  Pathways .,emission_pathways,  Emission pathways  See  Pathways .
emission_scenario,A plausible representation of the future development of emissions of substances that are radiatively,emission_scenario,  Emission scenario  A plausible representation of the future development of emissions of substances
emissions_trading,A market-based instrument aiming at meeting a  mitigation  objective in an efficient way. A cap on  ,emissions_trading,  Emissions trading  A market-based instrument aiming at meeting a  mitigation  objective in an effi
enabling_conditions,"Conditions that affect the  feasibility  of  adaptation  and  mitigation  options, and can accelerat",enabling_conditions,  Enabling conditions  Conditions that affect the  feasibility  of  adaptation  and  mitigation  opt
energy_efficiency,The ratio of output or useful energy or energy services or other useful physical outputs obtained fr,energy_efficiency,  Energy efficiency  The ratio of output or useful energy or energy services or other useful physica
energy_security,"The goal of a given country, or the global community as a whole, to maintain an adequate, stable and",energy_security,"  Energy security  The goal of a given country, or the global community as a whole, to maintain an a"
enhanced_weathering,Enhancing the removal of  carbon dioxide (CO 2 )  from the  atmosphere  through dissolution of silic,enhanced_weathering,  Enhanced weathering  Enhancing the removal of  carbon dioxide (CO 2 )  from the  atmosphere  throu
_model__ensemble,"A group of parallel model simulations characterising historical  climate  conditions,  climate predi",_model__ensemble,  (Model) Ensemble  A group of parallel model simulations characterising historical  climate  condit
equality,"A principle that ascribes equal worth to all human beings, including equal opportunities, rights, an",equality,"  Equality  A principle that ascribes equal worth to all human beings, including equal opportunities"
equilibrium_climate_sensitivity,See  Climate sensitivity .,equilibrium_climate_sensitivity,  Equilibrium climate sensitivity  See  Climate sensitivity .
equity,Equity is the principle of  fairness  in burden sharing and is a basis for understanding how the  im,equity,  Equity  Equity is the principle of  fairness  in burden sharing and is a basis for understanding h
ethics,"Ethics involves questions of  justice  and value. Justice is concerned with right and wrong,  equity",ethics,  Ethics  Ethics involves questions of  justice  and value. Justice is concerned with right and wron
evidence,"Data and information used in the scientific process to establish findings. In this report, the degre",evidence,  Evidence  Data and information used in the scientific process to establish findings. In this repor
exposure,"The presence of people;  livelihoods ; species or  ecosystems ; environmental functions, services, a",exposure,"  Exposure  The presence of people;  livelihoods ; species or  ecosystems ; environmental functions,"
extreme_weather_event,An extreme weather event is an event that is rare at a particular place and time of year. Definition,extreme_weather_event,  Extreme weather event  An extreme weather event is an event that is rare at a particular place and
extreme_weather_or_climate_event,See  Climate extreme (extreme weather or climate event) .,extreme_weather_or_climate_event,  Extreme weather or climate event  See  Climate extreme (extreme weather or climate event) .
fairness,Impartial and just treatment without favouritism or discrimination in which each person is considere,fairness,  Fairness  Impartial and just treatment without favouritism or discrimination in which each person 
feasibility,The degree to which climate goals and response options are considered possible and/or desirable. Fea,feasibility,  Feasibility  The degree to which climate goals and response options are considered possible and/or
feasible_scenario_commitment,See  Climate change commitment .,feasible_scenario_commitment,  Feasible scenario commitment  See  Climate change commitment .
feedback,See  Climate feedback .,feedback,  Feedback  See  Climate feedback .
flexible_governance,See  Governance .,flexible_governance,  Flexible governance  See  Governance .
flood,"The overflowing of the normal confines of a stream or other body of water, or the accumulation of wa",flood,"  Flood  The overflowing of the normal confines of a stream or other body of water, or the accumulat"
food_security,"A situation that exists when all people, at all times, have physical, social and economic access to ",food_security,"  Food security  A situation that exists when all people, at all times, have physical, social and ec"
food_wastage,Food wastage encompasses food loss (the loss of food during production and transportation) and food ,food_wastage,  Food wastage  Food wastage encompasses food loss (the loss of food during production and transport
forcing,See  Radiative forcing .,forcing,  Forcing  See  Radiative forcing .
forest,A vegetation type dominated by trees. Many definitions of the term forest are in use throughout the ,forest,  Forest  A vegetation type dominated by trees. Many definitions of the term forest are in use throu
fossil_fuels,"Carbon-based fuels from fossil hydrocarbon deposits, including coal, oil, and natural gas.",fossil_fuels,"  Fossil fuels  Carbon-based fuels from fossil hydrocarbon deposits, including coal, oil, and natura"
gender_equity,See  Equity .,gender_equity,  Gender equity  See  Equity .
general_purpose_technologies__gpt_,General purpose technologies can be or are used pervasively in a wide range of sectors in ways that ,general_purpose_technologies__gpt_,  General purpose technologies (GPT)  General purpose technologies can be or are used pervasively in
geoengineering,"In this report, separate consideration is given to the two main approaches considered as ‘geoenginee",geoengineering,"  Geoengineering  In this report, separate consideration is given to the two main approaches conside"
glacier,"A perennial mass of ice, and possibly firn and snow, originating on the land surface by the recrysta",glacier,"  Glacier  A perennial mass of ice, and possibly firn and snow, originating on the land surface by t"
global_climate_model__also_referred_to_as_general_circulation_model__both_abbreviated_as_gcm_,See  Climate model .,global_climate_model__also_referred_to_as_general_circulation_model__both_abbreviated_as_gcm_,"  Global climate model (also referred to as general circulation model, both abbreviated as GCM)  See"
global_mean_surface_temperature__gmst_,"Estimated global average of near-surface air temperatures over land and sea-ice, and  sea surface te",global_mean_surface_temperature__gmst_,  Global mean surface temperature (GMST)  Estimated global average of near-surface air temperatures 
global_mean_surface_air_temperature__gsat_,Global average of near-surface air temperatures over land and oceans. Changes in GSAT are often used,global_mean_surface_air_temperature__gsat_,  Global mean surface air temperature (GSAT)  Global average of near-surface air temperatures over l
global_warming,"The estimated increase in  global mean surface temperature (GMST)  averaged over a 30-year period, o",global_warming,  Global warming  The estimated increase in  global mean surface temperature (GMST)  averaged over a
governance,"A comprehensive and inclusive concept of the full range of means for deciding, managing, implementin",governance,"  Governance  A comprehensive and inclusive concept of the full range of means for deciding, managin"
governance_capacity,See  Governance .,governance_capacity,  Governance capacity  See  Governance .
green_infrastructure,"The interconnected set of natural and constructed ecological systems, green spaces and other landsca",green_infrastructure,"  Green infrastructure  The interconnected set of natural and constructed ecological systems, green "
greenhouse_gas__ghg_,"Greenhouse gases are those gaseous constituents of the  atmosphere , both natural and  anthropogenic",greenhouse_gas__ghg_,"  Greenhouse gas (GHG)  Greenhouse gases are those gaseous constituents of the  atmosphere , both na"
greenhouse_gas_removal__ggr_,Withdrawal of a  GHG  and/or a  precursor  from the  atmosphere  by a  sink . See also  Carbon dioxi,greenhouse_gas_removal__ggr_,  Greenhouse gas removal (GGR)  Withdrawal of a  GHG  and/or a  precursor  from the  atmosphere  by 
gross_domestic_product__gdp_,"The sum of gross value added, at purchasers’ prices, by all resident and non-resident producers in t",gross_domestic_product__gdp_,"  Gross domestic product (GDP)  The sum of gross value added, at purchasers’ prices, by all resident"
gross_fixed_capital_formation__gfcf_,"One component of the  GDP  that corresponds to the total value of acquisitions, minus disposals of f",gross_fixed_capital_formation__gfcf_,  Gross fixed capital formation (GFCF)  One component of the  GDP  that corresponds to the total val
halocarbons,"A collective term for the group of partially halogenated organic species, which includes the chlorof",halocarbons,"  Halocarbons  A collective term for the group of partially halogenated organic species, which inclu"
hazard,The potential occurrence of a natural or human-induced physical event or trend that may cause loss o,hazard,  Hazard  The potential occurrence of a natural or human-induced physical event or trend that may ca
heatwave,A period of abnormally hot weather. Heatwaves and warm spells have various and in some cases overlap,heatwave,  Heatwave  A period of abnormally hot weather. Heatwaves and warm spells have various and in some c
heating__ventilation__and_air_conditioning__hvac_,"Heating, ventilation and air conditioning technology is used to control temperature and humidity in ",heating__ventilation__and_air_conditioning__hvac_,"  Heating, ventilation, and air conditioning (HVAC)  Heating, ventilation and air conditioning techn"
holocene,"The Holocene is the current interglacial geological epoch, the second of two epochs within the Quate",holocene,"  Holocene  The Holocene is the current interglacial geological epoch, the second of two epochs with"
human_behaviour,The way in which a person acts in response to a particular situation or stimulus. Human actions are ,human_behaviour,  Human behaviour  The way in which a person acts in response to a particular situation or stimulus.
human_behavioural_change,A transformation or modification of human actions. Behaviour change efforts can be planned in ways t,human_behavioural_change,  Human behavioural change  A transformation or modification of human actions. Behaviour change effo
human_rights,"Rights that are inherent to all human beings, universal, inalienable, and indivisible, typically exp",human_rights,"  Human rights  Rights that are inherent to all human beings, universal, inalienable, and indivisibl"
human_security,"A condition that is met when the vital core of human lives is protected, and when people have the fr",human_security,"  Human security  A condition that is met when the vital core of human lives is protected, and when "
human_system,"Any system in which human organizations and  institutions  play a major role. Often, but not always,",human_system,"  Human system  Any system in which human organizations and  institutions  play a major role. Often,"
hydrological_cycle,"The cycle in which water evaporates from the oceans and the land surface, is carried over the earth ",hydrological_cycle,"  Hydrological cycle  The cycle in which water evaporates from the oceans and the land surface, is c"
ice_sheet,A mass of land ice of continental size that is sufficiently thick to cover most of the underlying be,ice_sheet,  Ice sheet  A mass of land ice of continental size that is sufficiently thick to cover most of the 
_climate_change__impact_assessment,"The practice of identifying and evaluating, in monetary and/or non-monetary terms, the effects of  c",_climate_change__impact_assessment,"  (climate change) Impact assessment  The practice of identifying and evaluating, in monetary and/or"
impacts__consequences__outcomes_,"The consequences of realized risks on natural and  human systems , where risks result from the inter",impacts__consequences__outcomes_,"  Impacts (consequences, outcomes)  The consequences of realized risks on natural and  human systems"
incremental_adaptation,See  Adaptation .,incremental_adaptation,  Incremental adaptation  See  Adaptation .
indigenous_knowledge,"Indigenous knowledge refers to the understandings, skills and philosophies developed by societies wi",indigenous_knowledge,"  Indigenous knowledge  Indigenous knowledge refers to the understandings, skills and philosophies d"
indirect_land-use_change__iluc_,See  Land-use change (LUC) .,indirect_land-use_change__iluc_,  Indirect land-use change (iLUC)  See  Land-use change (LUC) .
industrial_revolution,"A period of rapid industrial growth with far-reaching social and economic consequences, beginning in",industrial_revolution,  Industrial revolution  A period of rapid industrial growth with far-reaching social and economic c
industrialized_developed_developing_countries,There are a diversity of approaches for categorizing countries on the basis of their level of develo,industrialized_developed_developing_countries,  Industrialized/developed/developing countries  There are a diversity of approaches for categorizin
inequality,See Equality.,inequality,  Inequality  See Equality.
information_and_communication_technology__ict_,"An umbrella term that includes any information and communication device or application, encompassing",information_and_communication_technology__ict_,  Information and communication technology (ICT)  An umbrella term that includes any information and
infrastructure_commitment,See  Climate change commitment .,infrastructure_commitment,  Infrastructure commitment  See  Climate change commitment .
institution,"Institutions are rules and norms held in common by social actors that guide, constrain and shape hum",institution,"  Institution  Institutions are rules and norms held in common by social actors that guide, constrai"
institutional_capacity,Institutional  capacity comprises building and strengthening individual organizations and providing ,institutional_capacity,  Institutional capacity  Institutional  capacity comprises building and strengthening individual or
integrated_assessment,"A method of analysis that combines results and models from the physical, biological, economic and so",integrated_assessment,"  Integrated assessment  A method of analysis that combines results and models from the physical, bi"
integrated_assessment_model__iam_,Integrated assessment models (IAMs) integrate knowledge from two or more domains into a single frame,integrated_assessment_model__iam_,  Integrated assessment model (IAM)  Integrated assessment models (IAMs) integrate knowledge from tw
integrated_water_resources_management__iwrm_,"A process which promotes the coordinated development and management of water, land and related resou",integrated_water_resources_management__iwrm_,  Integrated water resources management (IWRM)  A process which promotes the coordinated development
inter-generational_equity,See  Equity .,inter-generational_equity,  Inter-generational equity  See  Equity .
inter-generational_justice,See  Justice .,inter-generational_justice,  Inter-generational justice  See  Justice .
internal_variability,See  Climate variability .,internal_variability,  Internal variability  See  Climate variability .
internet_of_things__iot_,"The network of computing devices embedded in everyday objects such as cars, phones and computers, co",internet_of_things__iot_,  Internet of Things (IoT)  The network of computing devices embedded in everyday objects such as ca
iron_fertilization,See  Ocean fertilization .,iron_fertilization,  Iron fertilization  See  Ocean fertilization .
irreversibility,"A perturbed state of a dynamical system is defined as irreversible on a given timescale, if the reco",irreversibility,  Irreversibility  A perturbed state of a dynamical system is defined as irreversible on a given tim
justice,"Justice is concerned with ensuring that people get what is due to them, setting out the moral or leg",justice,"  Justice  Justice is concerned with ensuring that people get what is due to them, setting out the m"
kyoto_protocol,The Kyoto Protocol to the  United Nations Framework Convention on Climate Change (UNFCCC)  is an int,kyoto_protocol,  Kyoto Protocol  The Kyoto Protocol to the  United Nations Framework Convention on Climate Change (
land_surface_air_temperature,"The near-surface air temperature over land, typically measured at 1.25–2 m above the ground using st",land_surface_air_temperature,"  Land surface air temperature  The near-surface air temperature over land, typically measured at 1."
land_use,"Land use refers to the total of arrangements, activities and inputs undertaken in a certain land cov",land_use,"  Land use  Land use refers to the total of arrangements, activities and inputs undertaken in a cert"
land-use_change__luc_,Land-use change involves a change from one  land use  category to another. ,land-use_change__luc_,  Land-use change (LUC)  Land-use change involves a change from one  land use  category to another. 
land_use__land-use_change_and_forestry__lulucf_,See  Land-use change (LUC) .,land_use__land-use_change_and_forestry__lulucf_,"  Land use, land-use change and forestry (LULUCF)  See  Land-use change (LUC) ."
life_cycle_assessment__lca_,"Compilation and evaluation of the inputs, outputs and the potential environmental impacts of a produ",life_cycle_assessment__lca_,"  Life cycle assessment (LCA)  Compilation and evaluation of the inputs, outputs and the potential e"
likelihood,"The chance of a specific outcome occurring, where this might be estimated probabilistically. Likelih",likelihood,"  Likelihood  The chance of a specific outcome occurring, where this might be estimated probabilisti"
livelihood,The resources used and the activities undertaken in order to live. Livelihoods are usually determine,livelihood,  Livelihood  The resources used and the activities undertaken in order to live. Livelihoods are usu
local_knowledge,"Local knowledge refers to the understandings and skills developed by individuals and populations, sp",local_knowledge,  Local knowledge  Local knowledge refers to the understandings and skills developed by individuals 
lock-in,"A situation in which the future development of a system, including infrastructure, technologies, inv",lock-in,"  Lock-in  A situation in which the future development of a system, including infrastructure, techno"
long-lived_climate_forcers__llcf_,Long-lived climate forcers refer to a set of well-mixed  greenhouse gases  with long atmospheric lif,long-lived_climate_forcers__llcf_,  Long-lived climate forcers (LLCF)  Long-lived climate forcers refer to a set of well-mixed  greenh
loss_and_damage__and_losses_and_damages,Research has taken Loss and Damage (capitalized letters) to refer to political debate under the  UNF,loss_and_damage__and_losses_and_damages,"  Loss and Damage, and losses and damages  Research has taken Loss and Damage (capitalized letters) "
maladaptive_actions__maladaptation_,"Actions that may lead to increased  risk  of adverse climate-related outcomes, including via increas",maladaptive_actions__maladaptation_,  Maladaptive actions (Maladaptation)  Actions that may lead to increased  risk  of adverse climate-
market_failure,When private decisions are based on market prices that do not reflect the real scarcity of goods and,market_failure,  Market failure  When private decisions are based on market prices that do not reflect the real sca
measurement__reporting_and_verification__mrv_,,measurement__reporting_and_verification__mrv_,"  Measurement, Reporting and Verification (MRV) "
megadrought,See  Drought .,megadrought,  Megadrought  See  Drought .
methane__ch,4 )  One of the six  greenhouse gases (GHGs)  to be mitigated under the  Kyoto Protocol  and is the ,methane__ch,  Methane (CH 4 )  One of the six  greenhouse gases (GHGs)  to be mitigated under the  Kyoto Protoco
migrant,See  Migration .,migrant,  Migrant  See  Migration .
migration,The International Organization for Migration (IOM) defines migration as ‘The movement of a person or,migration,  Migration  The International Organization for Migration (IOM) defines migration as ‘The movement o
millennium_development_goals__mdgs_,"A set of eight time-bound and measurable goals for combating  poverty , hunger, disease, ",millennium_development_goals__mdgs_,  Millennium Development Goals (MDGs)  A set of eight time-bound and measurable goals for combating 
mitigation__of_climate_change_,A human intervention to reduce emissions or enhance the  sinks  of  greenhouse gases .,mitigation__of_climate_change_,  Mitigation (of climate change)  A human intervention to reduce emissions or enhance the  sinks  of
mitigation_behaviour,See  Human behaviour .,mitigation_behaviour,  Mitigation behaviour  See  Human behaviour .
mitigation_measures,"In climate  policy , mitigation measures are technologies, processes or practices that contribute to",mitigation_measures,"  Mitigation measures  In climate  policy , mitigation measures are technologies, processes or pract"
mitigation_option,A technology or practice that reduces  GHG  emissions or enhances  sinks . ,mitigation_option,  Mitigation option  A technology or practice that reduces  GHG  emissions or enhances  sinks . 
mitigation_pathways,See  Pathways .,mitigation_pathways,  Mitigation pathways  See  Pathways .
mitigation_scenario,A plausible description of the future that describes how the (studied) system responds to the implem,mitigation_scenario,  Mitigation scenario  A plausible description of the future that describes how the (studied) system
monitoring_and_evaluation__m_e_,Monitoring and evaluation refers to mechanisms put in place at national to local scales to respectiv,monitoring_and_evaluation__m_e_,  Monitoring and evaluation (M&E)  Monitoring and evaluation refers to mechanisms put in place at na
motivation__of_an_individual_,An individual’s reason or reasons for acting in a particular way; individuals may consider various c,motivation__of_an_individual_,  Motivation (of an individual)  An individual’s reason or reasons for acting in a particular way; i
multilevel_governance,See  Governance .,multilevel_governance,  Multilevel governance  See  Governance .
narratives,"Qualitative descriptions of plausible future world evolutions, describing the characteristics, gener",narratives,"  Narratives  Qualitative descriptions of plausible future world evolutions, describing the characte"
nationally_determined_contributions__ndcs_,A term used under the  United Nations Framework Convention on Climate Change (UNFCCC)  whereby a cou,nationally_determined_contributions__ndcs_,  Nationally Determined Contributions (NDCs)  A term used under the  United Nations Framework Conven
negative_emissions,"Removal of  greenhouse gases (GHGs)  from the atmosphere by deliberate human activities, i.e., in ad",negative_emissions,  Negative emissions  Removal of  greenhouse gases (GHGs)  from the atmosphere by deliberate human a
net_zero_co,2 emissions  Net zero  carbon dioxide (CO 2 )  emissions are achieved when  anthropogenic  CO 2 emis,net_zero_co,  Net zero CO 2 emissions  Net zero  carbon dioxide (CO 2 )  emissions are achieved when  anthropoge
net_zero_emissions,Net zero emissions are achieved when  anthropogenic emissions  of  greenhouse gases  to the  atmosph,net_zero_emissions,  Net zero emissions  Net zero emissions are achieved when  anthropogenic emissions  of  greenhouse 
nitrous_oxide__n,2 O)  One of the six  greenhouse gases (GHGs)  to be mitigated under the  Kyoto Protocol . The main ,nitrous_oxide__n,  Nitrous oxide (N 2 O)  One of the six  greenhouse gases (GHGs)  to be mitigated under the  Kyoto P
non-co,2 emissions and radiative forcing  Non-CO 2 emissions included in this report are all  anthropogenic,non-co,  Non-CO 2 emissions and radiative forcing  Non-CO 2 emissions included in this report are all  anth
non-overshoot_pathways,See  Pathways .,non-overshoot_pathways,  Non-overshoot pathways  See  Pathways .
ocean_acidification__oa_,"Ocean acidification refers to a reduction in the  pH  of the ocean over an extended period, typicall",ocean_acidification__oa_,  Ocean acidification (OA)  Ocean acidification refers to a reduction in the  pH  of the ocean over 
ocean_fertilization,Deliberate increase of nutrient supply to the near-surface ocean in order to enhance biological prod,ocean_fertilization,  Ocean fertilization  Deliberate increase of nutrient supply to the near-surface ocean in order to 
overshoot,See  Temperature overshoot .,overshoot,  Overshoot  See  Temperature overshoot .
overshoot_pathways,See  Pathways .,overshoot_pathways,  Overshoot pathways  See  Pathways .
ozone__o,"3 )  Ozone, the triatomic form of oxygen (O 3 ), is a gaseous atmospheric constituent. In the  tropo",ozone__o,"  Ozone (O 3 )  Ozone, the triatomic form of oxygen (O 3 ), is a gaseous atmospheric constituent. In"
paris_agreement,The Paris Agreement under the  United Nations Framework Convention on Climate Change (UNFCCC)  was a,paris_agreement,  Paris Agreement  The Paris Agreement under the  United Nations Framework Convention on Climate Cha
participatory_governance,See  Governance .,participatory_governance,  Participatory governance  See  Governance .
pathways,The temporal evolution of natural and/or  human systems  towards a future state. Pathway concepts ra,pathways,  Pathways  The temporal evolution of natural and/or  human systems  towards a future state. Pathway
peri-urban_areas,Peri-urban areas are those parts of a city that appear to be quite rural but are in reality strongly,peri-urban_areas,  Peri-urban areas  Peri-urban areas are those parts of a city that appear to be quite rural but are
permafrost,Ground (soil or rock and included ice and organic material) that remains at or below 0°C for at leas,permafrost,  Permafrost  Ground (soil or rock and included ice and organic material) that remains at or below 0
policies__for_climate_change_mitigation_and_adaptation_,Policies are taken and/or mandated by a government – often in conjunction with business and industry,policies__for_climate_change_mitigation_and_adaptation_,  Policies (for climate change mitigation and adaptation)   Policies are taken and/or mandated by a 
political_economy,"The set of interlinked relationships between people, the state, society and markets as defined by la",political_economy,"  Political economy  The set of interlinked relationships between people, the state, society and mar"
poverty,Poverty is a complex concept with several definitions stemming from different schools of thought. It,poverty,  Poverty  Poverty is a complex concept with several definitions stemming from different schools of 
poverty_eradication,A set of measures to end  poverty  in all its forms everywhere. See also  Sustainable Development Go,poverty_eradication,  Poverty eradication  A set of measures to end  poverty  in all its forms everywhere. See also  Sus
precursors,"Atmospheric compounds that are not  greenhouse gases (GHGs)  or  aerosols , but that have an effect ",precursors,"  Precursors  Atmospheric compounds that are not  greenhouse gases (GHGs)  or  aerosols , but that h"
pre-industrial,The multi-century period prior to the onset of large-scale industrial activity around 1750. The  ref,pre-industrial,  Pre-industrial  The multi-century period prior to the onset of large-scale industrial activity aro
procedural_equity,See  Equity .,procedural_equity,  Procedural equity  See  Equity .
procedural_justice,See  Justice .,procedural_justice,  Procedural justice  See  Justice .
procedural_rights,See  Human rights .,procedural_rights,  Procedural rights  See  Human rights .
projection,"A projection is a potential future evolution of a quantity or set of quantities, often computed with",projection,"  Projection  A projection is a potential future evolution of a quantity or set of quantities, often"
purchasing_power_parity__ppp_,The purchasing power of a currency is expressed using a basket of goods and services that can be bou,purchasing_power_parity__ppp_,  Purchasing power parity (PPP)  The purchasing power of a currency is expressed using a basket of g
radiative_forcing,"Radiative forcing is the change in the net, downward minus upward, radiative flux (expressed in W m ",radiative_forcing,"  Radiative forcing  Radiative forcing is the change in the net, downward minus upward, radiative fl"
reasons_for_concern__rfcs_,"Elements of a classification framework, first developed in the IPCC Third Assessment Report, which a",reasons_for_concern__rfcs_,"  Reasons for Concern (RFCs)  Elements of a classification framework, first developed in the IPCC Th"
reducing_emissions_from_deforestation_and_forest_degradation__redd__,"An effort to create financial value for the carbon stored in  forests , offering incentives for deve",reducing_emissions_from_deforestation_and_forest_degradation__redd__,  Reducing Emissions from Deforestation and Forest Degradation (REDD+)  An effort to create financia
reference_period,The period relative to which  anomalies  are computed. See also  Anomaly .,reference_period,  Reference period  The period relative to which  anomalies  are computed. See also  Anomaly .
reference_scenario,See  Baseline scenario .,reference_scenario,  Reference scenario  See  Baseline scenario .
reforestation,Planting of  forests  on lands that have previously contained forests but that have been converted t,reforestation,  Reforestation  Planting of  forests  on lands that have previously contained forests but that have
region,A region is a relatively large-scale land or ocean area characterized by specific geographical and c,region,  Region  A region is a relatively large-scale land or ocean area characterized by specific geograph
remaining_carbon_budget,Estimated cumulative net global  anthropogenic  CO 2 emissions from the start of 2018 to the time th,remaining_carbon_budget,  Remaining carbon budget  Estimated cumulative net global  anthropogenic  CO 2 emissions from the s
representative_concentration_pathways__rcps_,See  Pathways .,representative_concentration_pathways__rcps_,  Representative Concentration Pathways (RCPs)  See  Pathways .
resilience,"The capacity of social, economic and environmental systems to cope with a hazardous event or trend o",resilience,"  Resilience  The capacity of social, economic and environmental systems to cope with a hazardous ev"
risk,The potential for adverse consequences where something of value is at stake and where the occurrence,risk,  Risk  The potential for adverse consequences where something of value is at stake and where the oc
risk_assessment,"The qualitative and/or quantitative scientific estimation of  risks . See also  Risk ,  Risk managem",risk_assessment,  Risk assessment  The qualitative and/or quantitative scientific estimation of  risks . See also  R
risk_management,"Plans, actions, strategies or policies to reduce the  likelihood  and/or consequences of risks or to",risk_management,"  Risk management  Plans, actions, strategies or policies to reduce the  likelihood  and/or conseque"
risk_perception,The subjective judgment that people make about the characteristics and severity of a  risk . See als,risk_perception,  Risk perception  The subjective judgment that people make about the characteristics and severity o
runoff,"The flow of water over the surface or through the subsurface, which typically originates from the pa",runoff,"  Runoff  The flow of water over the surface or through the subsurface, which typically originates f"
scenario,A plausible description of how the future may develop based on a coherent and internally consistent ,scenario,  Scenario  A plausible description of how the future may develop based on a coherent and internally
scenario_storyline,"A  narrative  description of a  scenario  (or family of scenarios), highlighting the main scenario c",scenario_storyline,"  Scenario storyline  A  narrative  description of a  scenario  (or family of scenarios), highlighti"
sdg-interaction_score,"A seven-point scale (Nilsson et al., 2016) used to rate interactions between  mitigation options  an",sdg-interaction_score,"  SDG-interaction score  A seven-point scale (Nilsson et al., 2016) used to rate interactions betwee"
sea_ice,Ice found at the sea surface that has originated from the freezing of seawater. Sea ice may be disco,sea_ice,  Sea ice  Ice found at the sea surface that has originated from the freezing of seawater. Sea ice m
sea_level_change__sea_level_rise_sea_level_fall_,"Sea level can change, both globally and locally (relative sea level change) due to (1) a change in o",sea_level_change__sea_level_rise_sea_level_fall_,"  Sea level change (sea level rise/sea level fall)  Sea level can change, both globally and locally "
sea_surface_temperature__sst_,"The sea surface temperature is the subsurface bulk temperature in the top few meters of the ocean, m",sea_surface_temperature__sst_,  Sea surface temperature (SST)  The sea surface temperature is the subsurface bulk temperature in t
sendai_framework_for_disaster_risk_reduction,The Sendai Framework for Disaster Risk Reduction 2015–2030 outlines seven clear targets and four pri,sendai_framework_for_disaster_risk_reduction,  Sendai Framework for Disaster Risk Reduction  The Sendai Framework for Disaster Risk Reduction 201
sequestration,See  Uptake .,sequestration,  Sequestration  See  Uptake .
shared_socio-economic_pathways__ssps_,See  Pathways .,shared_socio-economic_pathways__ssps_,  Shared Socio-economic Pathways (SSPs)  See  Pathways .
short-lived_climate_forcers__slcf_,Short-lived climate forcers refers to a set of compounds that are primarily composed of those with s,short-lived_climate_forcers__slcf_,  Short-lived climate forcers (SLCF)  Short-lived climate forcers refers to a set of compounds that 
short-lived_climate_pollutants__slcp_,See  Short-lived climate forcers (SLCF) .,short-lived_climate_pollutants__slcp_,  Short-lived climate pollutants (SLCP)  See  Short-lived climate forcers (SLCF) .
sink,"A reservoir (natural or human, in soil, ocean, and plants) where a  greenhouse gas , an  aerosol  or",sink,"  Sink  A reservoir (natural or human, in soil, ocean, and plants) where a  greenhouse gas , an  aer"
small_island_developing_states__sids_,"Small island developing states (SIDS), as recognised by the United Nations OHRLLS (Office of the Hig",small_island_developing_states__sids_,"  Small island developing states (SIDS)  Small island developing states (SIDS), as recognised by the"
social_cost_of_carbon__scc_,The net present value of aggregate climate damages (with overall harmful damages expressed as a numb,social_cost_of_carbon__scc_,  Social cost of carbon (SCC)  The net present value of aggregate climate damages (with overall harm
social_costs,"The full costs of an action in terms of social welfare losses, including external costs associated w",social_costs,"  Social costs  The full costs of an action in terms of social welfare losses, including external co"
social-ecological_systems,"An integrated system that includes human societies and  ecosystems , in which humans are part of nat",social-ecological_systems,"  Social-ecological systems  An integrated system that includes human societies and  ecosystems , in"
social_inclusion,"A process of improving the terms of participation in society, particularly for people who are disadv",social_inclusion,"  Social inclusion  A process of improving the terms of participation in society, particularly for p"
social_justice,See  Justice .,social_justice,  Social justice  See  Justice .
social_learning,"A process of social interaction through which people learn new behaviours, capacities, values and at",social_learning,"  Social learning  A process of social interaction through which people learn new behaviours, capaci"
social_value_of_mitigation_activities__svma_,"Social, economic and environmental value of  mitigation  activities that include, in addition to the",social_value_of_mitigation_activities__svma_,"  Social value of mitigation activities (SVMA)  Social, economic and environmental value of  mitigat"
societal__social__transformation,See  Transformation .,societal__social__transformation,  Societal (social) transformation  See  Transformation .
socio-economic_scenario,"A  scenario  that describes a possible future in terms of population,  gross domestic product (GDP) ",socio-economic_scenario,"  Socio-economic scenario  A  scenario  that describes a possible future in terms of population,  gr"
socio-technical_transitions,Socio-technical transitions are where technological change is associated with social systems and the,socio-technical_transitions,  Socio-technical transitions  Socio-technical transitions are where technological change is associa
soil_carbon_sequestration__scs_,"Land management changes which increase the soil organic carbon content, resulting in a net removal o",soil_carbon_sequestration__scs_,  Soil carbon sequestration (SCS)  Land management changes which increase the soil organic carbon co
soil_moisture,Water stored in the soil in liquid or frozen form. Root- zone soil moisture is of most relevance for,soil_moisture,  Soil moisture  Water stored in the soil in liquid or frozen form. Root- zone soil moisture is of m
solar_radiation_management,See  Solar radiation modification (SRM) .,solar_radiation_management,  Solar radiation management  See  Solar radiation modification (SRM) .
solar_radiation_modification__srm_,Solar radiation modification refers to the intentional modification of the Earth’s shortwave radiati,solar_radiation_modification__srm_,  Solar radiation modification (SRM)  Solar radiation modification refers to the intentional modific
stranded_assets,Assets exposed to devaluations or conversion to ‘liabilities’ because of unanticipated changes in th,stranded_assets,  Stranded assets  Assets exposed to devaluations or conversion to ‘liabilities’ because of unantici
stratosphere,The highly stratified region of the  atmosphere  above the  troposphere  extending from about 10 km ,stratosphere,  Stratosphere  The highly stratified region of the  atmosphere  above the  troposphere  extending f
sub-national_actor,"Sub-national actors include state/provincial, regional, metropolitan and local/municipal governments",sub-national_actor,"  Sub-national actor  Sub-national actors include state/provincial, regional, metropolitan and local"
substantive_rights,See  Human rights .,substantive_rights,  Substantive rights  See  Human rights .
supply-side_measures,See  Demand- and supply-side measures .,supply-side_measures,  Supply-side measures  See  Demand- and supply-side measures .
surface_temperature,"See  Global mean surface temperature (GMST) ,  Land surface air temperature ,  Global mean surface a",surface_temperature,"  Surface temperature  See  Global mean surface temperature (GMST) ,  Land surface air temperature ,"
sustainability,A dynamic process that guarantees the persistence of natural and  human systems  in an equitable man,sustainability,  Sustainability  A dynamic process that guarantees the persistence of natural and  human systems  i
sustainable_development__sd_,Development that meets the needs of the present without compromising the ability of future generatio,sustainable_development__sd_,  Sustainable development (SD)  Development that meets the needs of the present without compromising
sustainable_development_goals__sdgs_,The 17 global goals for development for all countries established by the United Nations through a pa,sustainable_development_goals__sdgs_,  Sustainable Development Goals (SDGs)  The 17 global goals for development for all countries establ
technology_transfer,"The exchange of knowledge, hardware and associated software, money and goods among stakeholders, whi",technology_transfer,"  Technology transfer  The exchange of knowledge, hardware and associated software, money and goods "
temperature_overshoot,"The temporary exceedance of a specified level of  global warming , such as 1.5°C. Overshoot implies ",temperature_overshoot,"  Temperature overshoot  The temporary exceedance of a specified level of  global warming , such as "
tipping_point,"A level of change in system properties beyond which a system reorganizes, often abruptly, and does n",tipping_point,"  Tipping point  A level of change in system properties beyond which a system reorganizes, often abr"
transformation,A change in the fundamental attributes of natural ,transformation,  Transformation  A change in the fundamental attributes of natural 
transformation_pathways,See  Pathways .,transformation_pathways,  Transformation pathways  See  Pathways .
transformational_adaptation,See  Adaptation .,transformational_adaptation,  Transformational adaptation  See  Adaptation .
transformative_change,A system-wide change that requires more than technological change through consideration of social an,transformative_change,  Transformative change  A system-wide change that requires more than technological change through c
transient_climate_response,See  Climate sensitivity .,transient_climate_response,  Transient climate response  See  Climate sensitivity .
transient_climate_response_to_cumulative_co,2 emissions (TCRE)  The transient global average surface temperature change per unit cumulative  CO ,transient_climate_response_to_cumulative_co,  Transient climate response to cumulative CO 2 emissions (TCRE)  The transient global average surfa
transit-oriented_development__tod_,"An approach to urban development that maximizes the amount of residential, business and leisure spac",transit-oriented_development__tod_,  Transit-oriented development (TOD)  An approach to urban development that maximizes the amount of 
transition,The process of changing from one state or condition to another in a given period of time. Transition,transition,  Transition  The process of changing from one state or condition to another in a given period of ti
tropical_cyclone,"The general term for a strong, cyclonic-scale disturbance that originates over tropical oceans. Dist",tropical_cyclone,"  Tropical cyclone  The general term for a strong, cyclonic-scale disturbance that originates over t"
troposphere,"The lowest part of the  atmosphere , from the surface to about 10 km in altitude at mid-latitudes (r",troposphere,"  Troposphere  The lowest part of the  atmosphere , from the surface to about 10 km in altitude at m"
uncertainty,A state of incomplete knowledge that can result from a lack of information or from disagreement abou,uncertainty,  Uncertainty  A state of incomplete knowledge that can result from a lack of information or from di
united_nations_framework_convention_on_climate_change__unfccc_,The UNFCCC was adopted in May 1992 and opened for signature at the 1992 Earth Summit in Rio de Janei,united_nations_framework_convention_on_climate_change__unfccc_,  United Nations Framework Convention on Climate Change (UNFCCC)  The UNFCCC was adopted in May 1992
uptake,The addition of a substance of concern to a reservoir. See also  Carbon sequestration  and  Sink .,uptake,  Uptake  The addition of a substance of concern to a reservoir. See also  Carbon sequestration  and
vulnerability,The propensity or predisposition to be adversely affected. Vulnerability encompasses a variety of co,vulnerability,  Vulnerability  The propensity or predisposition to be adversely affected. Vulnerability encompasse
water_cycle,See  Hydrological cycle .,water_cycle,  Water cycle  See  Hydrological cycle .
well-being,"A state of existence that fulfils various human needs, including material living conditions and qual",well-being,"  Well-being  A state of existence that fulfils various human needs, including material living condi"
zero_emissions_commitment,See  Climate change commitment .,zero_emissions_commitment,  Zero emissions commitment  See  Climate change commitment .
