Annex VII: Glossary,,,,
Coordinating Editors:,,Q329316,1985 American animated dark fantasy adventure film,"['Q329316', 'Q706364', 'Q47477028', 'Q47462241', 'Q47414924']"
Editorial Team:,,Q55449538,Editorial Board,"['Q55449538', 'Q10995373', 'Q15869559', 'Q66764266', 'Q33129403']"
Note: ,,Q1834,Japanese manga series,"['Q1834', 'Q47433', 'Q885833', 'Q43013', 'Q263478']"
This annex should be cited as:,,,,
AVII,,Q42687145,scientific article published on 27 November 2014,"['Q42687145', 'Q39093470', 'Q60036419', 'Q7082065', 'Q24205959']"
AVII,,Q42687145,scientific article published on 27 November 2014,"['Q42687145', 'Q39093470', 'Q60036419', 'Q7082065', 'Q24205959']"
Ablation ,"of glaciers, ice sheets, or snow cover)",Q28693,natural death of an embryo or fetus before it is ,"['Q28693', 'Q11436', 'Q11875349', 'Q4833830', 'Q1809554']"
Abrupt change ,,Q58239637,scholarly article,"['Q58239637', 'Q69930663', 'Q56061018', 'Q37054147', 'Q57767439']"
Abrupt climate change ,,Q107046714,scholarly article,"['Q107046714', 'Q30940562', 'Q59875918', 'Q28187141', 'Q57208882']"
Accumulation ,"of glaciers, ice sheets, or snow cover) ",Q117121,multisystem disease due to abnormal ,"['Q117121', 'Q857667', 'Q184624', 'Q152234', 'Q15324']"
Active layer ,,Q57379570,,"['Q57379570', 'Q112951547', 'Q57879385', 'Q58380640', 'Q58604294']"
Adaptation ,,Q352431,2002 film directed by Spike Jonze,"['Q352431', 'Q3331189', 'Q483921', 'Q15752938', 'Q15763330']"
Adaptation options ,,Q58345073,scholarly article by M.G. Rivera-Ferre et al published 25 July 2016 in Wiley Interdisciplinary Reviews: WIREs Climate Change,"['Q58345073', 'Q58079890', 'Q57161163', 'Q58261024', 'Q33481724']"
Adaptive capacity ,,Q37691717,scientific article published on 16 January 2014,"['Q37691717', 'Q112910880', 'Q112882797', 'Q112910250', 'Q112884987']"
Added value ,,Q128635,form of consumption tax,"['Q128635', 'Q1434924', 'Q66042900', 'Q76980009', 'Q105087953']"
Adjustments ,in relation to effective radiative forcing) ,Q492089,2011 film directed by George Nolfi,"['Q492089', 'Q577', 'Q36669', 'Q317158', 'Q4000785']"
Adjustment time ,,Q577,estimated period of ,"['Q577', 'Q36669', 'Q35887408', 'Q53255818', 'Q70547649']"
Advection ,,Q379788,transport of a substance by bulk motion,"['Q379788', 'Q51514550', 'Q110718766', 'Q56769246', 'Q51467806']"
Aerosol ,,Q104541,"colloid of fine solid particles or liquid droplets, in air or another gas","['Q104541', 'Q28484189', 'Q3176391', 'Q170477', 'Q15763037']"
Aerosol effective radiative forcing ,ERFari+aci) ,Q61307154,,"['Q61307154', 'Q58404156', 'Q111692713', 'Q111692721', 'Q111692722']"
Aerosol optical depth ,AOD) ,Q57873849,scholarly article,"['Q57873849', 'Q58055566', 'Q58243952', 'Q58096787', 'Q58094795']"
Aerosol–cloud interaction ,,Q57270432,article,"['Q57270432', 'Q57441097', 'Q62921075', 'Q28314709', 'Q62921101']"
"AVIIwater content) remaining equal. In liquid clouds, an increase in cloud droplet concentration and surface area would increase the cloud ",,,,
Aerosol–radiation interaction ,,Q57894434,,"['Q57894434', 'Q114603140', 'Q56837428', 'Q107715377', 'Q37082312']"
Afforestation ,,Q2384419,establishment of a forest or stand of trees in an area where there was no previous tree cover,"['Q2384419', 'Q51438324', 'Q51438328', 'Q51438323', 'Q113654105']"
Agreement ,,Q898840,1947 film by Elia Kazan,"['Q898840', 'Q93288', 'Q131569', 'Q21707860', 'Q50822331']"
Agricultural and ecological drought ,,Q58392974,,"['Q58392974', 'Q115436352', 'Q113864960', 'Q110870569']"
Air mass ,,Q79602,large scale ,"['Q79602', 'Q216823', 'Q51495848', 'Q56428558', 'Q56428564']"
Airborne fraction ,,Q58595836,scientific article published on 07 November 2018,"['Q58595836', 'Q69111953', 'Q58647598', 'Q58312298', 'Q55889672']"
Albedo ,,Q101038,ratio of reflected radiation to incident radiation,"['Q101038', 'Q114814096', 'Q593691', 'Property:P4501', 'Property:P720']"
Alkalinity ,,Q1142703,American punk rock band,"['Q1142703', 'Q19563', 'Q182719', 'Q1313510', 'Q11193']"
Altimetry ,,Q59065212,scientific article published in Nature,"['Q59065212', 'Q2658896', 'Q22026427', 'Q664518', 'Q29400552']"
Annular modes ,,Q57869595,scholarly article,"['Q57869595', 'Q39352213', 'Q57896651', 'Q61658461', 'Q57949426']"
"AVIIover the polar regions and higher-than-normal pressures in the southern mid-latitudes, with a contraction towards Antarctica and strengthening of the westerly wind belt. The negative SAM phase exhibits positive high-latitude pressure anomalies, negative mid-latitude pressure anomalies and a weaker westerly flow expanded towards the equator. See Section AIV.2.2 in Annex IV of the AR6 WGI report. See also ",,,,
Anomaly ,,Q16303778,2014 film directed by Noel Clarke,"['Q16303778', 'Q2153354', 'Q277452', 'Q1584110', 'Q109650195']"
Antarctic amplification ,,Q34797930,scientific article,"['Q34797930', 'Q102389105', 'Q57011933', 'Q36220614', 'Q52623848']"
Antarctic Ice Sheet ,AIS) ,Q99616940,scientific article published on 23 September 2020,"['Q99616940', 'Q39995226', 'Q57584795', 'Q59065443', 'Q57309229']"
Antarctic oscillation ,AAO) ,Q41924775,scientific article published on 26 September 2017,"['Q41924775', 'Q58691114', 'Q57141154', 'Q58073281', 'Q58394548']"
Anthropocene ,,Q69919881,podcast hosted by author John Green,"['Q69919881', 'Q27726827', 'Q26841', 'Q56275853', 'Q107490750']"
Anthropogenic ,,Q180644,,"['Q180644', 'Q1780867', 'Q24289359', 'Q574376', 'Q3940788']"
Anthropogenic emissions ,,Q57403056,scholarly article,"['Q57403056', 'Q58264132', 'Q58264138', 'Q57202554', 'Q58384479']"
Anthropogenic removals ,,Q63131595,article,"['Q63131595', 'Q30810789', 'Q56837392', 'Q47176370', 'Q104500482']"
Anthropogenic subsidence ,,Q37199329,scientific article published on 26 September 2013,"['Q37199329', 'Q60720087', 'Q62925624', 'Q58160570', 'Q60717626']"
Apparent hydrological sensitivity ,,,,
Arctic amplification ,,Q57091353,scientific article published in Nature Communications,"['Q57091353', 'Q56002012', 'Q33870838', 'Q58072264', 'Q31036243']"
Arctic oscillation ,AO) ,Q58262441,article,"['Q58262441', 'Q58409345', 'Q58384629', 'Q60153221', 'Q58081299']"
Arid zone ,,Q28239862,scientific article (publication date:  2008),"['Q28239862', 'Q105375866', 'Q94552172', 'Q96704133', 'Q50761508']"
Aridity ,,Q8514,barren area of land where little precipitation occurs,"['Q8514', 'Q189566', 'Q182878', 'Q187971', 'Q190946']"
Artificial ocean upwelling ,AOUpw) ,Q57883147,scholarly article,['Q57883147']
Assets ,,Q856887,person employed to protect ,"['Q856887', 'Q46737', 'Q15072797', 'Q157833', 'Q427581']"
Atlantic Equatorial Mode ,,Q57897030,,"['Q57897030', 'Q59403022', 'Q58263814', 'Q113349281', 'Q58239207']"
Atlantic Meridional Mode ,AMM) ,Q56782541,article by Wei Zhang et al published 11 May 2016 in Climate Dynamics,"['Q56782541', 'Q58839098', 'Q58093661', 'Q113348731', 'Q56225503']"
Atlantic Meridional Overturning Circulation ,AMOC) ,Q56679219,scholarly article,"['Q56679219', 'Q57143214', 'Q57921288', 'Q107965869', 'Q58268564']"
Atlantic Multi-decadal Oscillation ,AMO) ,Q31031616,scientific article,"['Q31031616', 'Q58315119', 'Q58315116', 'Q61778758', 'Q58239137']"
Atlantic Multi-decadal Variability ,AMV) ,Q93012723,scientific article published on 28 January 2020,"['Q93012723', 'Q58257864', 'Q58315116', 'Q58257961', 'Q58257950']"
AVIIswings in basin-scale ,,,,
Atlantic Niño ,,Q36360972,scientific article,"['Q36360972', 'Q58085065', 'Q34567613', 'Q58239671', 'Q58085071']"
Atlantic Zonal Mode ,AZM) ,Q113349281,scientific article published on 09 May 2021,"['Q113349281', 'Q118363438', 'Q114212663', 'Q61658491']"
Atmosphere ,,Q3230,gas layer surrounding Earth,"['Q3230', 'Q108376', 'Q8104', 'Q757508', 'Q177974']"
Atmosphere–ocean general circulation model ,AOGCM) ,Q58308320,article,"['Q58308320', 'Q33455080', 'Q57270697', 'Q58390406', 'Q58079252']"
Atmospheric boundary layer ,,Q80142845,scientific article published on 01 June 2007,"['Q80142845', 'Q58045056', 'Q1757268', 'Q59302831', 'Q59102848']"
Atmospheric lifetime ,,Q56333780,scholarly article,"['Q56333780', 'Q58250428', 'Q53586084', 'Q33421891', 'Q29300997']"
Atmospheric rivers ,ARs) ,Q39016979,scientific article published on June 2015,"['Q39016979', 'Q58098949', 'Q57914927', 'Q58413043', 'Q109936179']"
Attribution ,,Q6905323,"license allowing free use of a copyrighted work, with attribution","['Q6905323', 'Q6905942', 'Q20007257', 'Q6998997', 'Q827597']"
Australian and Maritime Continent monsoon photosynthesis,,,,
Avalanche ,,Q1110238,1978 film directed by Corey Allen,"['Q1110238', 'Q7935', 'Q2661245', 'Q206297', 'Q3985734']"
Barystatic ,,Q114212815,scientific article published in 2021,['Q114212815']
Basal lubrication ,,Q37143553,scientific article published on 12 August 2013,"['Q37143553', 'Q37056594', 'Q57707845', 'Q59113285', 'Q73363865']"
Baseline/reference ,,Q64237941,,"['Q64237941', 'Q62594859', 'Q39953186', 'Q78944999', 'Q58472221']"
Baseline scenario ,,Q114103598,scientific article published in 2022,"['Q114103598', 'Q59884852', 'Q31121580', 'Q58195940', 'Q47270989']"
Bifurcation point ,,Q30446892,scientific article,"['Q30446892', 'Q30503352', 'Q76399447', 'Q31928041', 'Q46724008']"
Biodiversity ,,Q172266,"digital library, online database and large-scale digitization project for biodiversity literature","['Q172266', 'Q47041', 'Q5732717', 'Q1531570', 'Q27721235']"
Bioenergy with carbon dioxide capture and storage ,BECCS) ,Q31080184,scientific article,"['Q31080184', 'Q2577671']"
Biogenic volatile organic compounds ,BVOCs) ,Q56990835,article,"['Q56990835', 'Q58058976', 'Q58059094', 'Q59345221', 'Q57036133']"
Biogeophysical potential ,,Q34570134,scientific article,['Q34570134']
Biological ,carbon) pump ,Q420,"scientific study of living things, especially their structure, function, growth, evolution, and distribution","['Q420', 'Q1063', 'Q7100', 'Q25615', 'Q40397']"
Biomass ,,Q18537,biological material used as a renewable energy source,"['Q18537', 'Q100760137', 'Q2945560', 'Q18556', 'Q2264123']"
Biosphere ,terrestrial and marine) ,Q616371,Norwegian musician,"['Q616371', 'Q42762', 'Q752181', 'Q68139', 'Q1551511']"
Bipolar seesaw ,"also inter-hemispheric seesaw, inter-hemispheric asymmetry, hemispheric asymmetry)  ",Q58392099,,"['Q58392099', 'Q40848897', 'Q35160566', 'Q56431763', 'Q36056651']"
AVIIbipolar seesaw and applied to millennial scales ,"Broecker, 1998) with a similar thermohaline mechanism ",,,
Black carbon ,BC) ,Q57382788,article,"['Q57382788', 'Q764245', 'Q62702218', 'Q18208141', 'Q58263269']"
Blocking ,,Q20514253,distributed data store for digital transactions,"['Q20514253', 'Q816759', 'Q1868462', 'Q324089', 'Q1348006']"
Blue carbon ,,Q54987844,scholarly article by Trisha B. Atwood published in September 2015,"['Q54987844', 'Q56969462', 'Q97681235', 'Q39088509', 'Q57208913']"
Brewer–Dobson circulation ,,Q57881212,scholarly article,"['Q57881212', 'Q58312831', 'Q57997253', 'Q57915019', 'Q56837592']"
Burden ,,Q720832,American sculptor and performance artist,"['Q720832', 'Q27964433', 'Q26828149', 'Q30389361', 'Q12848191']"
Business as usual ,BAU) ,Q5001844,episode of Star Trek: Deep Space Nine (S5 E18),"['Q5001844', 'Q5001845', 'Q3286599', 'Q3284139', 'Q12106382']"
13,,Q663,metallic chemical element of silvery appearance with symbol Al and atomic number 13,"['Q663', 'Q175129', 'Q37141', 'Q11312', 'Q7049']"
14,,Q422658,chemical compound,"['Q422658', 'Q670', 'Q7034', 'Q38582', 'Q905316']"
Calving ,of glaciers or ice sheets) ,Q452065,French operatic soprano (1858-1942),"['Q452065', 'Q181391', 'Q1456403', 'Q2300444', 'Q2073921']"
Canopy temperature ,,Q92040140,scientific article published on 01 February 2020,"['Q92040140', 'Q100737054', 'Q90218925', 'Q37475059', 'Q57201045']"
Carbon budget ,,Q57261996,scientific article,"['Q57261996', 'Q57143114', 'Q55933710', 'Q59060574', 'Q107046993']"
Carbon cycle ,,Q57037071,,"['Q57037071', 'Q167751', 'Q57182252', 'Q58267207', 'Q89109865']"
Carbon dioxide ,CO,Q1997,chemical compound,"['Q1997', 'Q56298528', 'Q5037959', 'Q12371749', 'Q5037960']"
AVIIis the reference gas against which other GHGs are measured and therefore has a ,,,,
Carbon dioxide ,CO,Q1997,chemical compound,"['Q1997', 'Q56298528', 'Q5037959', 'Q12371749', 'Q5037960']"
Carbon dioxide capture and storage ,CCS) ,Q41491,process of capturing and storing waste carbon dioxide from point sources,"['Q41491', 'Q59284244', 'Q57764153', 'Q60716986', 'Q34244093']"
Carbon dioxide removal ,CDR) ,Q89771350,scientific article published on 18 February 2020,"['Q89771350', 'Q57020644', 'Q59319669', 'Q58069134', 'Q63443182']"
Carbon neutrality ,,Q57924410,article published in 2015,"['Q57924410', 'Q1774424', 'Q60746147', 'Q61759165', 'Q112881673']"
Carbon sequestration ,,Q37086115,scientific article published on 13 February 2008,"['Q37086115', 'Q28756006', 'Q15305550', 'Q112886000', 'Q58392351']"
Carbon–climate feedback ,,Q35597913,scientific article published on April 2015,"['Q35597913', 'Q28611158', 'Q33881397', 'Q31033881', 'Q58650119']"
Carbonaceous aerosol ,,Q24273280,scholarly article,"['Q24273280', 'Q28728726', 'Q58290127', 'Q57193835', 'Q57263956']"
Carbonate counter pump ,,Q55316960,scientific article,"['Q55316960', 'Q58304911', 'Q113350990']"
Carbonate pump ,,Q55316960,scientific article,"['Q55316960', 'Q58617510', 'Q37431931', 'Q34403366', 'Q58304911']"
Catchment ,,Q14373,activity of trying to ,"['Q14373', 'Q75851', 'Q166620', 'Q557913', 'Q278208']"
Cenozoic Era ,,Q28596803,scientific article,"['Q28596803', 'Q28654226', 'Q102416', 'Q26185', 'Q55810']"
Central Pacific El Niño ,,Q33766416,scientific article,"['Q33766416', 'Q37472122', 'Q58310793', 'Q58061231', 'Q58384243']"
Chaotic ,,Q190132,motion characterized by ,"['Q190132', 'Q2956479', 'Q1070304', 'Q91484865', 'Q1787424']"
Charcoal ,,Q177463,fuel,"['Q177463', 'Q2957662', 'Q113714466', 'Q1424515', 'Q729340']"
Chlorofluorocarbons ,CFCs) ,Q960800,"hydrocarbon derivative that contains only carbon, chlorine and fluorine","['Q960800', 'Q161276', 'Q420380', 'Q35417449', 'Q59083912']"
Chronology ,,Q130788,science of arranging events in order of occurrence,"['Q130788', 'Q60740705', 'Q67439188', 'Q2448627', 'Q5114163']"
Cirrus cloud thinning ,CCT) ,Q57258497,,"['Q57258497', 'Q58307127', 'Q59722157', 'Q57954437', 'Q42698049']"
Clathrate ,methane) ,Q28254680,scientific article,"['Q28254680', 'Q864080', 'Q781204', 'Q93244834', 'Q389036']"
Clausius–Clapeyron equation/relationship ,,Q111092568,,['Q111092568']
AVIIpressure per unit change in air temperature.,,,,
Climate ,,Q125928,"change in the statistical distribution of weather patterns for an extended period, not necessarily current or recent","['Q125928', 'Q7942', 'Q7937', 'Q52139', 'Q60674974']"
Climate change ,,Q125928,"change in the statistical distribution of weather patterns for an extended period, not necessarily current or recent","['Q125928', 'Q171183', 'Q1931364', 'Q1970247', 'Q15816833']"
Climate change commitment ,,Q57539796,scholarly article by Kirsten Zickfeld et al published August 2013 in Journal of Climate,"['Q57539796', 'Q96609537', 'Q58258209', 'Q58313175', 'Q33897634']"
Climate extreme ,extreme weather or climate event) ,Q28541552,scientific article,"['Q28541552', 'Q58304606', 'Q58082605', 'Q58268319', 'Q57249123']"
Climate feedback ,,Q58650119,scholarly article by Scott Zolkos et al published 22 September 2018 in Geophysical Research Letters,"['Q58650119', 'Q58076147', 'Q34728288', 'Q57949543', 'Q58391576']"
Climate feedback parameter ,,Q57539873,,"['Q57539873', 'Q58072167', 'Q58079016', 'Q56837469']"
Climate forecast ,,Q58239220,,"['Q58239220', 'Q58239222', 'Q57207140', 'Q58320687', 'Q58320684']"
Climate index ,,Q58309980,,"['Q58309980', 'Q15756612', 'Q61734409', 'Q57570653', 'Q1970247']"
Climate indicator ,,Q34368841,scientific article,"['Q34368841', 'Q58767054', 'Q57892114', 'Q73008536', 'Q81137773']"
AVIIin the AR6 WGI report.,,,,
Climate information ,,Q58408720,,"['Q58408720', 'Q57887281', 'Q58313646', 'Q58077271', 'Q33725365']"
Climate metrics ,,Q57160465,article,"['Q57160465', 'Q57950044', 'Q57402974', 'Q58400458', 'Q58393945']"
Climate model ,,Q33934383,scientific article,"['Q33934383', 'Q30665563', 'Q57175975', 'Q57176009', 'Q620920']"
Climate pattern ,,Q125928,"change in the statistical distribution of weather patterns for an extended period, not necessarily current or recent","['Q125928', 'Q7942', 'Q39857804', 'Q53830317', 'Q112936212']"
Climate prediction ,,Q58238238,scholarly article by Noel Keenlyside & Jin Ba published 2 August 2010 in Wiley Interdisciplinary Reviews: WIREs Climate Change,"['Q58238238', 'Q5133443', 'Q56984855', 'Q3042001', 'Q1101446']"
Climate projection ,,Q57652475,,"['Q57652475', 'Q30681435', 'Q57866646', 'Q58105388', 'Q31139434']"
Climate response ,,Q55953660,article,"['Q55953660', 'Q56877888', 'Q56865774', 'Q58384605', 'Q56047964']"
Climate services ,,Q59818122,scholarly article by Bart J.J.M. van den Hurk et al published March 2016 in Climate Services,"['Q59818122', 'Q57948949', 'Q50817442', 'Q88932531', 'Q57887228']"
Climate simulation ensemble ,,Q30836639,scientific article,"['Q30836639', 'Q30951939', 'Q56576077', 'Q55966688', 'Q57894540']"
AVIIsimulations with observations wherever available.,,,,
Climate system ,,Q190946,arid climate subtype in the Köppen climate classification system,"['Q190946', 'Q58318411', 'Q921851', 'Q124095', 'Q863882']"
Climate threshold ,,Q30577169,scientific article,"['Q30577169', 'Q92282810', 'Q58388786', 'Q57144600', 'Q92217298']"
Climate variability ,,Q58317235,,"['Q58317235', 'Q58394140', 'Q30785682', 'Q58413597', 'Q112847422']"
Climate velocity ,,Q58117012,article,"['Q58117012', 'Q64252891', 'Q46698427', 'Q31048206', 'Q30752784']"
Climate–carbon cycle feedback ,,Q31162109,scientific article,"['Q31162109', 'Q58380873', 'Q28138410', 'Q56810273', 'Q57985390']"
Climatic impact-driver ,CID) ,Q31160246,scientific article,"['Q31160246', 'Q50099513', 'Q120356883', 'Q58540297', 'Q113904346']"
Cloud condensation nuclei ,CCN) ,Q58065252,journal article; published in Aerosol Science and Technology in 2006,"['Q58065252', 'Q58145013', 'Q58251122', 'Q58316893', 'Q59065839']"
Cloud feedback ,,Q58258642,article,"['Q58258642', 'Q58400246', 'Q56782932', 'Q58059878', 'Q58258613']"
Cloud radiative effect ,,Q36957169,scientific article published on February 2016,"['Q36957169', 'Q57921294', 'Q58098936', 'Q58392424', 'Q59783084']"
Cloud-resolving models ,CRMs) ,Q57270447,article,"['Q57270447', 'Q58306062', 'Q58063745', 'Q58392486', 'Q58306057']"
CMIP6 ,,Q56286588,,"['Q56286588', 'Q97528893', 'Q57264330', 'Q57264328', 'Q90613494']"
CO,,Q739,sovereign state in South America,"['Q739', 'Q8093', 'Q1261', 'Q2025', 'Q740']"
Coast ,,Q1008,sovereign state in West Africa,"['Q1008', 'Q11224', 'Q140075', 'Q1135204', 'Q93352']"
Common era ,CE) ,Q58241765,article,"['Q58241765', 'Q38373243', 'Q58766410', 'Q100416018', 'Q58766358']"
AVII,,Q42687145,scientific article published on 27 November 2014,"['Q42687145', 'Q39093470', 'Q60036419', 'Q7082065', 'Q24205959']"
Compatible emissions ,,Q30382374,scientific article,"['Q30382374', 'Q46494445', 'Q38739427', 'Q30382488', 'Q36666501']"
Compound events ,,Q58387240,,"['Q58387240', 'Q41012864', 'Q59329115', 'Q102379194', 'Q57866849']"
Compound weather/climate events ,,Q114182787,scientific article published in November 2021,"['Q114182787', 'Q111089398', 'Q114174154']"
Concentrations scenario ,,Q34611844,scientific article,"['Q34611844', 'Q30700850', 'Q31144963', 'Q56990797', 'Q92072793']"
Confidence ,,Q652586,2003 film by James Foley,"['Q652586', 'Q2992482', 'Q7023752', 'Q97125301', 'Q868725']"
Constant composition commitment ,,,,
Constant emissions commitment ,,,,
Convection ,,Q160329,heat transfer due to the bulk movement of molecules within fluids,"['Q160329', 'Q720398', 'Q48633', 'Q951722', 'Q1019460']"
Convection-permitting models ,,Q30378117,scientific article,"['Q30378117', 'Q58385919', 'Q57818445', 'Q59837778', 'Q56575741']"
Coral bleaching ,,Q35111323,scientific article,"['Q35111323', 'Q37439178', 'Q59064742', 'Q56018434', 'Q101159647']"
Coral reef ,,Q11292,ridge of rock in the sea formed by the growth and deposit of coral,"['Q11292', 'Q386154', 'Q1701387', 'Q19866176', 'Q27714611']"
Coupled Model Intercomparison Project ,CMIP) ,Q58262201,article,"['Q58262201', 'Q58262144', 'Q58268042', 'Q109934931', 'Q38217200']"
Cryosphere ,,Q2313055,Scientific journal,"['Q2313055', 'Q58039978', 'Q493109', 'Q112951743', 'Q241284']"
Cumulative emissions ,,Q57017427,article,"['Q57017427', 'Q28751236', 'Q33437648', 'Q57932493', 'Q69250662']"
Dansgaard–Oeschger events ,D-O events) ,Q38265930,scientific article,"['Q38265930', 'Q57532745', 'Q58114246', 'Q59940821', 'Q58090120']"
Data assimilation ,,Q33989140,scientific article,"['Q33989140', 'Q59848563', 'Q110142261', 'Q110143237', 'Q58394764']"
Dead zones ,,Q35408867,scientific article,"['Q35408867', 'Q34808909', 'Q69123169', 'Q57694309', 'Q81014380']"
Decadal predictability ,,Q58090131,scholarly article by Yoshimitsu Chikamoto et al published 18 January 2015 in Climate Dynamics,"['Q58090131', 'Q58239131', 'Q58384732', 'Q41954153', 'Q58388558']"
Decadal prediction ,,Q58384691,article,"['Q58384691', 'Q58413572', 'Q58254401', 'Q57707829', 'Q57917496']"
Decadal variability ,,Q58393412,article,"['Q58393412', 'Q57229909', 'Q58321159', 'Q59189691', 'Q58257961']"
Deep uncertainty ,,Q92049372,scientific article published on 18 July 2019,"['Q92049372', 'Q38951622', 'Q57071108', 'Q57934522', 'Q63614409']"
Deforestation ,,Q169940,removal of forest and conversion of the land to non-forest use,"['Q169940', 'Q78217313', 'Q5251686', 'Q76441609', 'Q6484044']"
AVII,,Q42687145,scientific article published on 27 November 2014,"['Q42687145', 'Q39093470', 'Q60036419', 'Q7082065', 'Q24205959']"
Deglacial or deglaciation or glacial termination ,,,,
Detection ,,Q47528,object detection system based on radio waves,"['Q47528', 'Q504027', 'Q2534486', 'Q745881', 'Q11681085']"
Detection and attribution ,,Q57207094,,"['Q57207094', 'Q58388130', 'Q58385825', 'Q91474448', 'Q56771446']"
Diatoms ,,Q5203615,diatomic molecule,"['Q5203615', 'Q162678', 'Q150693', 'Q9126910', 'Q920264']"
Dimensions of integration ,,Q35026665,scientific article,"['Q35026665', 'Q30402955', 'Q37374466', 'Q38937590', 'Q93586054']"
Direct ,aerosol) effect ,Q195833,cycling team,"['Q195833', 'Q21915603', 'Q159241', 'Q1954915', 'Q188695']"
Direct air capture ,DAC) ,Q48193167,scientific article,"['Q48193167', 'Q92092146', 'Q56867707', 'Q55992517', 'Q46448200']"
Disaster ,,Q3839081,"hazard resulting in an event causing significant physical damage, destruction or death","['Q3839081', 'Q1460420', 'Q8065', 'Q486', 'Q846544']"
Discharge ,of ice) ,Q33741,weather phenomenon involving electrostatic ,"['Q33741', 'Q44782', 'Q778502', 'Q1228418', 'Q2140674']"
Dissolved inorganic carbon ,,Q58262777,article published in 2008,"['Q58262777', 'Q58195402', 'Q35672672', 'Q58306611', 'Q83263343']"
Diurnal temperature range ,DTR) ,Q57225920,,"['Q57225920', 'Q37583198', 'Q57239941', 'Q36160556', 'Q57309071']"
Downscaling ,,Q58384271,article,"['Q58384271', 'Q57249152', 'Q112888448', 'Q440296', 'Q58380811']"
Drought ,,Q108673079,Spanish–Portuguese television series,"['Q108673079', 'Q43059', 'Q113394119', 'Q12142810', 'Q56736479']"
Dynamic global vegetation model ,DGVM) ,Q57949495,article,"['Q57949495', 'Q57161061', 'Q57033643', 'Q58401761', 'Q57033801']"
Dynamical downscaling ,,Q58395078,,"['Q58395078', 'Q58389833', 'Q58388120', 'Q60569925', 'Q58304061']"
Dynamical system ,,Q638328,mathematical model which describes the time dependence of a point in a geometrical space,"['Q638328', 'Q2665508', 'Q2072471', 'Q378637', 'Q7291964']"
Early Eocene Climatic Optimum ,EECO) ,Q48109747,scientific article,"['Q48109747', 'Q58386942', 'Q58457432', 'Q110668708', 'Q109918953']"
Earth system model ,ESM) ,Q63970615,scholarly article by Sifan Gu et al published March 2019 in Journal of Advances in Modeling Earth Systems,"['Q63970615', 'Q104681105', 'Q58074734', 'Q58068099', 'Q57893140']"
AVIIof atmospheric ,,,,
Earth system model of intermediate complexity ,EMIC) ,Q27500500,scientific article (publication date: 16 May 2013),"['Q27500500', 'Q58076491', 'Q58076500', 'Q61046473', 'Q57090637']"
Earth’s energy budget ,,Q55950978,article,"['Q55950978', 'Q58055559', 'Q46233586', 'Q58258622', 'Q28651613']"
Earth’s energy imbalance ,,Q21129060,scholarly article,"['Q21129060', 'Q84540479', 'Q41822471', 'Q36124275', 'Q28247509']"
Earth system sensitivity ,,Q34255967,scientific article,"['Q34255967', 'Q57893010', 'Q98568783', 'Q58413320', 'Q58389024']"
Effective equilibrium climate sensitivity ,,,,
East Antarctic Ice Sheet ,EAIS) ,Q56334442,scientific article published in Nature Communications,"['Q56334442', 'Q30647994', 'Q90288324', 'Q59837423', 'Q58394466']"
East Asian monsoon ,EAsiaM) ,Q37687715,scientific article published on 17 March 2014,"['Q37687715', 'Q39577232', 'Q58191255', 'Q59267620', 'Q59707043']"
Eastern boundary upwelling systems ,EBUS) ,Q92288540,scientific article published on 27 December 2019,"['Q92288540', 'Q38634517', 'Q58316633', 'Q59139531', 'Q58315250']"
Eastern Pacific El Niño ,,Q27331681,scientific article,"['Q27331681', 'Q90440387', 'Q58061867', 'Q58305847', 'Q58395989']"
Effective radiative forcing ,ERF) ,Q61307154,,"['Q61307154', 'Q57921321', 'Q56286588', 'Q63951581', 'Q110320214']"
Ekman transport ,,Q51140251,scientific article published in January 2010,"['Q51140251', 'Q57573919', 'Q58651566', 'Q34676413', 'Q58386964']"
El Niño ,,Q17859530,2014 film directed by Daniel Monzón,"['Q17859530', 'Q35831601', 'Q7939', 'Q30314503', 'Q14524818']"
El Niño–Southern Oscillation ,ENSO) ,Q57898191,,"['Q57898191', 'Q59760180', 'Q57898303', 'Q58387062', 'Q56047955']"
Electromagnetic spectrum ,,Q76299,portion of the electromagnetic spectrum that is visible to the human eye,"['Q76299', 'Q133139', 'Q902174', 'Q18612904', 'Property:P1227']"
Elevation-dependent warming ,EDW) ,Q49923497,scientific article published on 8 February 2018,"['Q49923497', 'Q56656459', 'Q58405866', 'Q114177457', 'Q112766166']"
AVIIchange ,,,,
Emergent constraint ,,Q101475800,scholarly article,"['Q101475800', 'Q96577337', 'Q101165850', 'Q58305931', 'Q47561283']"
Emission factor/Emissions intensity ,,Q89017788,scientific article published on 07 June 2018,"['Q89017788', 'Q90563049', 'Q90454103', 'Q91442715', 'Q92043057']"
Emission pathways ,,Q58384512,,"['Q58384512', 'Q104492928', 'Q57265923', 'Q57932493', 'Q57104990']"
Emissions ,,Q38867,device which emits light via optical amplification,"['Q38867', 'Q21000630', 'Q208376', 'Q13632', 'Q849737']"
Emulation ,,Q202871,software that enables one computer system (called the host) to behave like another computer system (called the guest),"['Q202871', 'Q44599810', 'Q34489794', 'Q3205317', 'Q12310028']"
Emulators ,,Q624699,free virtualization and emulation software,"['Q624699', 'Q479783', 'Q1236429', 'Q596918', 'Q3309521']"
Energy budget ,of the Earth) ,Q60670368,scientific article published on 01 September 2007,"['Q60670368', 'Q22337193', 'Q56185944', 'Q89569950', 'Q58077363']"
Enhanced weathering ,,Q51185332,scientific article published in August 2017,"['Q51185332', 'Q36337371', 'Q56833753', 'Q36337351', 'Q58054870']"
Ensemble ,,Q131186,,"['Q131186', 'Q215380', 'Q42998', 'Q2088357', 'Q207338']"
Equilibrium and transient climate experiment ,,,,
Equilibrium climate sensitivity ,ECS) ,Q56620065,scholarly article by Reto Knutti et al published 4 September 2017 in Nature Geoscience,"['Q56620065', 'Q58310955', 'Q56837383', 'Q58013913', 'Q58380789']"
Equilibrium line ,,Q57499763,,"['Q57499763', 'Q57837077', 'Q59708825', 'Q56031304', 'Q57882023']"
AVII,,Q42687145,scientific article published on 27 November 2014,"['Q42687145', 'Q39093470', 'Q60036419', 'Q7082065', 'Q24205959']"
Eutrophication ,,Q156698,ecosystem response to the introduction or addition of  substances,"['Q156698', 'Q33410748', 'Q59017908', 'Q72296968', 'Q51386940']"
Evaporation ,,Q132814,type of vaporization of a liquid that occurs from its surface; surface phenomenon,"['Q132814', 'Q278061', 'Q244326', 'Q6452502', 'Property:P201']"
Evapotranspiration ,,Q828158,biophysicogeochemical process,"['Q828158', 'Q124196', 'Q112839150', 'Q57949874', 'Q51505715']"
Evidence ,,Q176763,body of facts in a legal proceding,"['Q176763', 'Q691640', 'Q1347572', 'Q1826415', 'Q23190853']"
Exposure ,,Q301345,American television series,"['Q301345', 'Q125367', 'Q7239230', 'Q107679', 'Q959782']"
Extended concentration pathways ,ECPs) ,Q90649812,scientific article published on 16 July 2018,['Q90649812']
External forcing ,,Q57818581,article,"['Q57818581', 'Q58285478', 'Q73464533', 'Q58206454', 'Q106576539']"
Extratropical cyclone ,ETC) ,Q57915011,article published in 2016,"['Q57915011', 'Q57452912', 'Q58418395', 'Q57430309', 'Q63489360']"
Extratropical jets ,,Q61786766,article,"['Q61786766', 'Q58072013', 'Q114105904', 'Q58074717', 'Q67131479']"
Extreme climate event ,,Q37592297,scientific article published on 18 January 2017,"['Q37592297', 'Q57092621', 'Q58267868', 'Q56362912', 'Q58082605']"
Extreme coastal water level ,ECWL) ,Q90069341,scientific article published on 11 September 2019,"['Q90069341', 'Q108910643', 'Q63257754', 'Q58400114', 'Q104666145']"
Extreme sea level ,ESL) ,Q37477384,scientific article published on 06 December 2016,"['Q37477384', 'Q92782564', 'Q92095554', 'Q58306255', 'Q57124383']"
Extreme still water level ,ESWL) ,Q57150186,article,['Q57150186']
Extreme total water level ,ETWL) ,Q58315261,article by Katherine A. Serafin & Peter Ruggiero published September 2014 in Journal of Geophysical Research: Oceans,"['Q58315261', 'Q63257754', 'Q58315260']"
Extreme weather event ,,Q33635481,scientific article,"['Q33635481', 'Q57104338', 'Q57010849', 'Q1277161', 'Q30151737']"
Extreme/heavy precipitation event ,,Q57539244,article,"['Q57539244', 'Q110565379']"
Faculae ,,Q107344175,conference paper published in 2017,"['Q107344175', 'Q107344178', 'Q107344188', 'Q107344197', 'Q128952']"
Feedback ,,Q7889,electronic game with user interface and visual ,"['Q7889', 'Q183635', 'Q1444677', 'Q1400908', 'Q898975']"
Fine-mode aerosol optical depth ,,Q98525226,article published in 2013,['Q98525226']
Fingerprint ,,Q178022,biometric identifier,"['Q178022', 'Q476697', 'Q28492296', 'Q5450220', 'Property:P3721']"
Fire weather ,,Q59846477,,"['Q59846477', 'Q90178642', 'Q57572110', 'Q67659731', 'Q58690405']"
Firn ,,Q59524830,"born:1944|died:2010|; Firn, Richard, 1944-2010","['Q59524830', 'Q828861', 'Q16055218', 'Q118220825', 'Q20488308']"
"AVIIsuch as a dataset or method) for a particular task, such as quantifying the contribution of increased ",,,,
Flaring ,,Q119830,"sudden flash of increased brightness on the Sun, usually observed near its surface and in close proximity to a sunspot group","['Q119830', 'Q628261', 'Q285400', 'Q105821893', 'Q103300016']"
Flood ,,Q8068,overflow of water that submerges land,"['Q8068', 'Q1212516', 'Q1350758', 'Q1187968', 'Q153025']"
Flux ,,Q2919862,2005 film by Karyn Kusama,"['Q2919862', 'Q177831', 'Q501267', 'Q62129390', 'Q925601']"
Foraminifera ,,Q107027,phylum of amoeboid protists,"['Q107027', 'Q7320222', 'Q134577', 'Q68474960', 'Q7501342']"
Forcing ,,Q11223,air service branch of the United States Armed Forces,"['Q11223', 'Q384593', 'Q165862', 'Q1331280', 'Q11402']"
Forest ,,Q182763,American actor,"['Q182763', 'Q4421', 'Q392667', 'Q1891156', 'Q40608']"
Fossil fuel emissions ,,Q58521580,scholarly article,"['Q58521580', 'Q96131735', 'Q28001120', 'Q28611314', 'Q28651630']"
Fossil fuels ,,Q12748,"combustible fuel containing hydrocarbons formed by natural processes such as anaerobic decomposition of buried dead organisms, examples being coal, petroleum and natural gas","['Q12748', 'Q75809348', 'Q3835939', 'Q1434958', 'Q19321739']"
Free atmosphere ,,Q57207138,article,"['Q57207138', 'Q57207142', 'Q34288236', 'Q60714500', 'Q58002981']"
Frozen ground ,,Q2613129,2013 film directed by Scott Walker,"['Q2613129', 'Q58388801', 'Q58231254', 'Q82357047', 'Q58316034']"
General circulation ,,Q650994,type of climate model,"['Q650994', 'Q56475121', 'Q110143169', 'Q110143129', 'Q58406753']"
Geocentric sea level change ,,,,
Geoid ,,Q99,state of the United States of America,"['Q99', 'Q1370', 'Q185969', 'Q50557940', 'Q59075400']"
Geostrophic winds or currents ,,Q114609245,scientific article published in 2019,"['Q114609245', 'Q4692121']"
Glacial isostatic adjustment ,GIA) ,Q58074972,scholarly article by Leanne M. Wake et al published 5 July 2016 in Current climate change reports,"['Q58074972', 'Q58306301', 'Q55879757', 'Q59663580', 'Q56384482']"
Glacial lake outburst flood ,GLOF)/Glacier lake outburst ,Q58033956,article,"['Q58033956', 'Q109934673', 'Q59516252', 'Q57870797', 'Q56656468']"
Glacial or glaciation ,,Q3796459,glacial period in the North American regional subdivision of the Quaternary,"['Q3796459', 'Q14663456', 'Q14520484', 'Q754949', 'Q19844801']"
Glacial termination ,,Q58087624,,"['Q58087624', 'Q59837425', 'Q57242109', 'Q33349305', 'Q33493282']"
AVIIby large changes in continental ice volume and global sea level. See also ,,,,
Glaciated ,,Q917858,,"['Q917858', 'Q51447451', 'Q51478394', 'Q112884706', 'Q649266']"
Glacier ,,Q373567,"national park in Flathead and Glacier counties in Montana, United States","['Q373567', 'Q35666', 'Q31091', 'Q204658', 'Q5566122']"
Glacierized ,,Q373567,"national park in Flathead and Glacier counties in Montana, United States","['Q373567', 'Q35666', 'Q654352', 'Q31091', 'Q52120']"
Global carbon budget ,,Q28587496,scientific article,"['Q28587496', 'Q58240090', 'Q64007036', 'Q58114067', 'Q58380865']"
Global dimming ,,Q29013726,scientific article (publication date: 27 June 2009),"['Q29013726', 'Q57402985', 'Q54244679', 'Q56679919', 'Q54244873']"
Global mean sea level ,GMSL) change ,Q93023736,scientific article published on 30 August 2019,"['Q93023736', 'Q57529653', 'Q91496871', 'Q57139932', 'Q58306283']"
Global mean surface air temperature ,GSAT) ,Q56225496,,"['Q56225496', 'Q58246484', 'Q29030606', 'Q58238479', 'Q58068853']"
Global mean surface temperature ,GMST) ,Q58014044,article,"['Q58014044', 'Q92889903', 'Q55017009', 'Q96817264', 'Q58246484']"
Global monsoon ,,Q57251490,,"['Q57251490', 'Q58013969', 'Q31072796', 'Q90835590', 'Q58082701']"
AVII,,Q42687145,scientific article published on 27 November 2014,"['Q42687145', 'Q39093470', 'Q60036419', 'Q7082065', 'Q24205959']"
Global surface temperature ,,Q24655448,scientific article,"['Q24655448', 'Q24289381', 'Q60162632', 'Q58392439', 'Q55880316']"
Global warming ,,Q7942,current rise in Earth's average temperature and related large-scale shifts in weather patterns,"['Q7942', 'Q1536666', 'Q1256216', 'Q80322', 'Q1774427']"
Global warming potential ,GWP) ,Q57403035,article,"['Q57403035', 'Q21994574', 'Q57267440', 'Property:P2565', 'Q57403014']"
"Gravitational, rotational and deformational ",GRD) effects ,Q68489037,scientific article published in January 2017,"['Q68489037', 'Q66630197']"
Gravity Recovery and Climate Experiment ,GRACE) ,Q58101559,article,"['Q58101559', 'Q58101678', 'Q60701355', 'Q58402620', 'Q704319']"
Greenhouse effect ,,Q167336,gas in an atmosphere of a planet (usually Earth) that absorbs and emits radiation within the thermal infrared range and causes the greenhouse effect,"['Q167336', 'Q41560', 'Q55887746', 'Q4345640', 'Q54006316']"
Greenhouse gas emission metric ,,Q57265902,article,"['Q57265902', 'Q58318640', 'Q58094908', 'Q107589884', 'Q57147191']"
Greenhouse gas neutrality ,,Q114178849,scientific article published in 2022,"['Q114178849', 'Q113878036', 'Q114188696', 'Q115472228']"
AVIIentity. Accounting rules specified by GHG programmes or schemes can have a significant influence on the quantification of relevant emissions and removals.,,,,
Greenhouse gases ,GHGs) ,Q167336,gas in an atmosphere of a planet (usually Earth) that absorbs and emits radiation within the thermal infrared range and causes the greenhouse effect,"['Q167336', 'Q57584895', 'Q37823360', 'Q57535025', 'Q925312']"
Greenland Ice Sheet ,GrIS) ,Q28255459,scientific article,"['Q28255459', 'Q58315193', 'Q58315180', 'Q57877596', 'Q92524129']"
Gross Primary Production ,GPP) ,Q37685758,scientific article published on 08 March 2017,"['Q37685758', 'Q59758205', 'Q57900316', 'Q63532821', 'Q90473276']"
Ground-level ozone ,,Q94461718,scientific article published on 29 April 2020,"['Q94461718', 'Q90384662', 'Q39535207', 'Q31097643', 'Q36594308']"
Grounding line ,,Q63965189,scholarly article,"['Q63965189', 'Q59788105', 'Q58241301', 'Q58318090', 'Q58389933']"
Gyre ,,Q169274,region in the ,"['Q169274', 'Q74878014', 'Q117012235', 'Q4558655', 'Q1250263']"
Hadley cell ,,Q57452901,scientific article published on 06 June 2017,"['Q57452901', 'Q58395976', 'Q29308590', 'Q58005149', 'Q53951806']"
Hadley circulation ,,Q58316078,article published in 2015,"['Q58316078', 'Q58316094', 'Q58062672', 'Q58097192', 'Q69099903']"
Halocline ,,Q34662022,scientific article,"['Q34662022', 'Q33235848', 'Q34722099', 'Q58397703', 'Q28711582']"
Halosteric ,,Q57527644,,"['Q57527644', 'Q116202525']"
Halosteric sea level change ,,Q57527644,,['Q57527644']
Hazard ,,Q214204,Belgian association football player,"['Q214204', 'Q714116', 'Q1144366', 'Q637020', 'Q1132455']"
Heat index ,,Q37241800,scientific article published on 09 August 2013,"['Q37241800', 'Q58400287', 'Q23922545', 'Q28386255', 'Q57161513']"
Heat stress ,,Q1191065,condition caused by the failure of the human body to dissipate heat in a hot environment,"['Q1191065', 'Q66478416', 'Q26376431', 'Q26321933', 'Q76980013']"
Heatwave ,,Q4178172,1982 Australian film directed by Phillip Noyce,"['Q4178172', 'Q215864', 'Q1592619', 'Q114681273', 'Q5694466']"
Heavy precipitation event ,,Q58070812,scholarly article by Christoph Schär et al published 5 April 2016 in Climatic Change,"['Q58070812', 'Q57870364', 'Q57559561', 'Q58303999', 'Q58014091']"
Heinrich event ,,Q57866063,,"['Q57866063', 'Q58052306', 'Q63965245', 'Q56854409', 'Q58090429']"
Heterotrophic respiration ,,Q58073564,scholarly article,"['Q58073564', 'Q58407130', 'Q59060164', 'Q56959139', 'Q64451058']"
AVIIof two epochs within the ,,,,
Holocene Thermal Maximum ,HTM) ,Q64064569,article,"['Q64064569', 'Q58213906', 'Q56679583', 'Q58397073', 'Q58630491']"
Human influence on the climate system ,,Q119375151,,"['Q119375151', 'Q119315850', 'Q58647361', 'Q114850349', 'Q95442998']"
Human system ,,Q9649,digestive system in humans. It is divided into (i) Alimentary Canal or Gastrointestinal Tract  and  (ii)Digestive Glands,"['Q9649', 'Q181100', 'Q666412', 'Q726543', 'Q11078']"
Hurricane ,,Q832732,1999 film by Norman Jewison,"['Q832732', 'Q426272', 'Q194251', 'Q16422', 'Q482646']"
Hydroclimate ,,Q58241765,article,"['Q58241765', 'Q58073834', 'Q105426607', 'Q34255427', 'Q30675217']"
Hydrofluorocarbons ,HFCs) ,Q56083094,scholarly article,"['Q56083094', 'Q1031943', 'Q58241358', 'Q60163610', 'Q64466239']"
Hydrological cycle ,,Q81041,"continuous movement of water on, above and below the surface of the Earth","['Q81041', 'Q34104674', 'Q55869118', 'Q58390989', 'Q59052652']"
Hydrological drought ,,Q57612226,scholarly article,"['Q57612226', 'Q57863086', 'Q59121986', 'Q61734569', 'Q59122099']"
Hydrological sensitivity ,,Q58013913,,"['Q58013913', 'Q56837381', 'Q58076111', 'Q58384358', 'Q57937560']"
Hydrosphere ,,Q83169,"combined mass of water found on, under, and above the surface of a planet, minor planet or natural satellite","['Q83169', 'Q459173', 'Q241284', 'Q39204500', 'Q96707602']"
Hypoxic ,,Q18975859,Human disease,"['Q18975859', 'Q5832339', 'Q22228793', 'Q66078973', 'Q7852677']"
Hypsometry ,,Q57877517,scholarly article by Andreas Bech Mikkelsen et al published 30 May 2016 in The Cryosphere,"['Q57877517', 'Q61083580', 'Q59935635', 'Q58095255', 'Q112908601']"
Ice age ,,Q35951,2012 American animated film,"['Q35951', 'Q305250', 'Q190910', 'Q15965953', 'Q179503']"
Ice core ,,Q58650584,scholarly article by Katrin Fuhrer et al published 1 December 1999 in Journal of Geophysical Research,"['Q58650584', 'Q58650610', 'Q56698113', 'Q57242090', 'Q58650594']"
Ice sheet ,,Q12599,large mass of glacier ice,"['Q12599', 'Q1404792', 'Q1542432', 'Q3123623', 'Q6964216']"
Ice shelf ,,Q46966,"floating platform of ice on the ocean surface, at outlet of a glacier or ice sheet","['Q46966', 'Q200255', 'Q776909', 'Q470201', 'Q209976']"
AVIIpart of an ,,,,
Ice–albedo feedback ,,Q90372143,scientific article published on 16 March 2020,"['Q90372143', 'Q38622990', 'Q58380889', 'Q28294520', 'Q39124300']"
Iceberg ,,Q47568,large piece of fresh-water ice floating in the ocean or other body of water,"['Q47568', 'Q1093184', 'Q3147611', 'Q2603072', 'Q5908019']"
Impacts ,,Q25294,tool meant to deliver an ,"['Q25294', 'Q2576499', 'Q55818', 'Q320389', 'Q932068']"
Incoming solar radiation ,,Q94591251,scientific article published in October 1998,"['Q94591251', 'Q57010269', 'Q112829501', 'Q58060449', 'Q64264999']"
Indian Ocean basin ,IOB) mode ,Q93116680,scientific article published on 28 June 2019,"['Q93116680', 'Q34580991', 'Q57436594', 'Q57087231', 'Q59400908']"
Indian Ocean Dipole ,IOD) ,Q37100877,scholarly article,"['Q37100877', 'Q58420452', 'Q58069645', 'Q58408711', 'Q53405043']"
Indirect aerosol effect ,,Q39687963,scientific article published on November 2011,"['Q39687963', 'Q58055566', 'Q58248793', 'Q59065187', 'Q58317764']"
Indirect land-use change ,iLUC) ,Q28729996,scientific article (publication date: 7 June 2012),"['Q28729996', 'Q33850979', 'Q58095058', 'Q21994568', 'Q36680469']"
Industrial revolution ,,Q2269,"transition to new manufacturing processes in Europe and the United States, in the 18th-19th centuries","['Q2269', 'Q217200', 'Q3656073', 'Q56660623', 'Q56848461']"
Infrared radiation ,,Q11388,electromagnetic radiation with longer wavelengths than those of visible light,"['Q11388', 'Q70906', 'Q26327770', 'Q26371342', 'Q92391951']"
Initial condition ensemble ,ICE) ,Q58076720,scholarly article by Thomas Oudar et al published 14 September 2018 in Geophysical Research Letters,"['Q58076720', 'Q111145450', 'Q111145451', 'Q114137516', 'Q98603828']"
Insolation ,,Q112914393,theologian,"['Q112914393', 'Q337554', 'Q1664582', 'Q3151581', 'Q6038209']"
Instantaneous radiative forcing ,or effect) due to aerosol–cloud interactions ,Q61658447,,"['Q61658447', 'Q58381252', 'Q57921284', 'Q57866332']"
Instantaneous radiative forcing ,or effect) due to aerosol–radiation interactions ,Q61658447,,"['Q61658447', 'Q58381252', 'Q57921284', 'Q57866332']"
Integrated assessment model ,IAM) ,Q57070579,article,"['Q57070579', 'Q57105303', 'Q57109736', 'Q58394950', 'Q58771675']"
Inter-decadal Pacific Oscillation ,IPO) ,Q36588520,scientific article published on 17 February 2016,['Q36588520']
Inter-tropical Convergence Zone ,ITCZ) ,Q28598060,scientific article,"['Q28598060', 'Q753858', 'Q58053883', 'Q59401294', 'Q109656887']"
Interglacial or interglaciation ,,Q487294,interval of time within an ice age that is marked by warmer temperatures,"['Q487294', 'Q56100406', 'Q1295340']"
AVIIcycles,,,,
Internal climate variability ,,Q58098836,scholarly article by Sanjiv Kumar et al published 28 December 2015 in Geophysical Research Letters,"['Q58098836', 'Q67024167', 'Q57158639', 'Q57070776', 'Q58380665']"
Interstadial or interstade ,,,,
Irreversibility ,,Q754745,2002 film by Gaspar Noé,"['Q754745', 'Q736715', 'Q32778', 'Q750652', 'Q2290446']"
Isostatic or Isostasy ,,,,
Isotopes ,,Q25276,nuclides having the same atomic number but different mass numbers,"['Q25276', 'Q541448', 'Q15762133', 'Q24056065', 'Q1208453']"
Key climate indicators ,,Q30561888,scientific article,"['Q30561888', 'Q30658071', 'Q64032105', 'Q57520400', 'Q57169104']"
Kriging ,,Q236479,South African actress and producer,"['Q236479', 'Q78994', 'Q2236474', 'Q768777', 'Q1159834']"
La Niña ,,Q447571,Spanish flamenco singer (cantaora),"['Q447571', 'Q3774230', 'Q6464141', 'Q5351648', 'Q24830323']"
Land ,,Q985,Land (federal state) in southwestern Germany,"['Q985', 'Q42880', 'Q10449', 'Q484093', 'Q486741']"
Land cover ,,Q57876008,article,"['Q57876008', 'Q3001793', 'Q58419609', 'Q57610828', 'Q26878959']"
Land surface air temperature ,LSAT) ,Q59201773,,"['Q59201773', 'Q58194600', 'Q57270700', 'Q57222713', 'Q58404521']"
Land use ,,Q1165944,characterization of land based on what can be built on it and what the land can be used for,"['Q1165944', 'Q6296017', 'Q15616636', 'Q15758452', 'Q96724095']"
Land-use change ,LUC) ,Q24289134,scientific article,"['Q24289134', 'Q57022906', 'Q37585798', 'Q112906670', 'Q112882430']"
Land water storage ,LWS) ,Q57308029,scientific article published on 15 November 2016,"['Q57308029', 'Q58388803', 'Q63951668', 'Q58266081', 'Q58753299']"
Lapse rate ,,Q31157977,scientific article,"['Q31157977', 'Q57914911', 'Q110143394', 'Q108594139', 'Q58258595']"
Large-scale ,,Q50816081,"Academic journal published by Springer , covering the subjects:  Education: Education (General)","['Q50816081', 'Q15766953', 'Q7745497', 'Q876049', 'Q1364887']"
Last deglacial transition ,,Q28545031,scientific article,"['Q28545031', 'Q57949857', 'Q110652052', 'Q63971658', 'Q114649946']"
AVII,,Q42687145,scientific article published on 27 November 2014,"['Q42687145', 'Q39093470', 'Q60036419', 'Q7082065', 'Q24205959']"
Last Interglacial ,LIG) ,Q24289125,scientific article,"['Q24289125', 'Q24289331', 'Q105274721', 'Q105277592', 'Q105277590']"
Last millennium ,,Q57859226,,"['Q57859226', 'Q58007216', 'Q30812374', 'Q58406077', 'Q56680697']"
Latent heat flux ,,Q89536116,scientific article published on 01 October 2018,"['Q89536116', 'Q57710813', 'Q64391286', 'Q59269185', 'Q58649884']"
Lifetime ,,Q18291982,2012 film by Ulf Kvensler,"['Q18291982', 'Q1824524', 'Q15752333', 'Q1319610', 'Q1758559']"
Light-absorbing particles ,,Q58242020,article,"['Q58242020', 'Q59164532', 'Q58242015', 'Q58242025', 'Q57239888']"
Likelihood ,,Q1045555,"method of estimating the parameters of a statistical model, given observations","['Q1045555', 'Q45284', 'Property:P2668', 'Q2997557', 'Property:P8026']"
Lithosphere ,,Q7950,scientific theory that describes the large-scale motions of Earth's ,"['Q7950', 'Q83296', 'Q15813954', 'Q605396', 'Q215680']"
Livelihood ,,Q152770,international award to honour and support those offering practical and exemplary answers to the most urgent challenges facing us today,"['Q152770', 'Q837695', 'Q3502639', 'Q86221543', 'Q6658164']"
Local sea level change ,,Q60460835,scholarly article by Ma. Laurice Jamero et al published 24 July 2017 in Nature Climate Change,"['Q60460835', 'Q58170050', 'Q108107403', 'Q108107433', 'Q108107302']"
Long-lived greenhouse gases ,LLGHGs) ,Q57881868,scholarly article,"['Q57881868', 'Q111692702', 'Q58116988', 'Q58402908', 'Q56048898']"
Longwave radiation ,,Q58246009,article,"['Q58246009', 'Q58093483', 'Q57887226', 'Q64458537', 'Q58099006']"
"Low-likelihood, high impact outcomes ",,,,
Madden–Julian Oscillation ,MJO) ,Q98907567,scientific article published on 01 September 2020,"['Q98907567', 'Q57535241', 'Q58406462', 'Q58379875', 'Q58062643']"
"AVIIand suppressed rainfall, with maximum loading over the Indian and western Pacific oceans, although influences of the MJO can be tracked over the Atlantic/Africa in dynamical fields. See Section AIV.2.8 in Annex IV of the AR6 WGI report.",,,,
Maladaptive actions ,Maladaptation) ,Q35775204,scientific article published on 15 September 2015,"['Q35775204', 'Q58601343', 'Q39510227', 'Q117043747']"
Marine cloud brightening ,MCB) ,Q28728767,scientific article (publication date: 13 September 2012),"['Q28728767', 'Q34448346', 'Q58074785', 'Q56837440', 'Q56837443']"
Marine heatwave ,,Q98164554,scientific article published on 29 July 2020,"['Q98164554', 'Q38657947', 'Q92977961', 'Q90613277', 'Q104064475']"
Marine ice cliff instability ,MICI) ,Q91387496,scientific article published on 06 February 2019,"['Q91387496', 'Q47825574']"
Marine ice sheet instability ,MISI) ,Q27318082,scientific article,"['Q27318082', 'Q56681023', 'Q61306802', 'Q67223857', 'Q61307015']"
Marine isotope stage ,MIS) ,Q58394063,article by Mark Siddall et al published 5 November 2008 in Reviews of Geophysics,"['Q58394063', 'Q56431764', 'Q30833396', 'Q58616996', 'Q57580053']"
Marine-based ice sheet ,,Q57879254,article,"['Q57879254', 'Q62516840', 'Q110320834', 'Q114647261', 'Q64004718']"
Mass balance/budget ,of glaciers or ice sheets) ,Q57879480,article,"['Q57879480', 'Q99430651', 'Q57198434', 'Q117425230', 'Q59289823']"
Mean sea level ,,Q125465,average level for the surface of one or more of Earth's oceans,"['Q125465', 'Q57874995', 'Q6452016', 'Q56001989', 'Q81137773']"
Megacity ,,Q1352,,"['Q1352', 'Q34163770', 'Q34529482', 'Q47472423', 'Q174844']"
Meltwater Pulse 1A ,MWP-1A) ,Q57556597,scientific article,"['Q57556597', 'Q34440731', 'Q57723403', 'Q29014163', 'Q31138600']"
Meridional overturning circulation ,MOC) ,Q56679219,scholarly article,"['Q56679219', 'Q57143214', 'Q54087279', 'Q58268564', 'Q102152208']"
Meteorological drought ,,Q30656906,scientific article,"['Q30656906', 'Q58401309', 'Q59121975', 'Q59121986', 'Q59121970']"
Methane ,CH,Q161210,chemical compound,"['Q161210', 'Q15779', 'Q37129', 'Q421748', 'Q423842']"
AVII,,Q42687145,scientific article published on 27 November 2014,"['Q42687145', 'Q39093470', 'Q60036419', 'Q7082065', 'Q24205959']"
Mid-Holocene ,MH) ,Q63964906,scholarly article,"['Q63964906', 'Q37250447', 'Q61470939', 'Q57264474', 'Q56061018']"
Mid-Pliocene Warm Period ,MPWP) ,Q26765971,scientific article,"['Q26765971', 'Q98303056', 'Q28709408', 'Q37469541', 'Q56100518']"
Mineralization/Remineralization ,,Q35661280,scientific article published on 31 October 2011,"['Q35661280', 'Q42222070', 'Q37627587', 'Q46280643', 'Q35614825']"
Mitigation ,of climate change) ,Q189900,protecting information by mitigating information risks,"['Q189900', 'Q898653', 'Q15763330', 'Q1879301', 'Q96723275']"
Mitigation pathways ,,Q92092146,scientific article published on 22 July 2019,"['Q92092146', 'Q119506620', 'Q114164147', 'Q56638953', 'Q91400724']"
Mitigation potential ,,Q38090579,scientific article published on 20 August 2012,"['Q38090579', 'Q91996133', 'Q58366728', 'Q28606729', 'Q57028619']"
Mitigation scenario ,,Q28756917,scientific article (publication date: 7 October 2008),"['Q28756917', 'Q57559606', 'Q114180730', 'Q58053305', 'Q58385518']"
Mixing ratio ,,Q73314524,scientific article published on 01 January 2001,"['Q73314524', 'Q57646666', 'Q57261664', 'Q57403083', 'Q80528883']"
Model ensemble ,,Q58062159,article,"['Q58062159', 'Q58254401', 'Q30665563', 'Q33551550', 'Q58039022']"
Model initialization ,,Q63951762,scholarly article,"['Q63951762', 'Q61046463', 'Q57028575', 'Q56576761', 'Q37732283']"
Model spread ,,Q56837436,article,"['Q56837436', 'Q58400246', 'Q58053250', 'Q59244952', 'Q99233924']"
Modes of climate variability ,,Q58645098,scholarly article by Armand Hernández et al published 8 February 2016 in International Journal of Climatology,"['Q58645098', 'Q93064110', 'Q30831966', 'Q90546173', 'Q115734540']"
Mole fraction or mixing ratio ,,,,
Monsoon ,,Q64900128,2019 film directed by Hong Khaou,"['Q64900128', 'Q42967', 'Q19573048', 'Q19573050', 'Q9286589']"
Montreal Protocol ,,Q90665436,scientific article published on 25 March 2020,"['Q90665436', 'Q57997298', 'Q219438', 'Q28763250', 'Q33859541']"
Multi-model ensemble ,MME) ,Q58062159,article,"['Q58062159', 'Q58254401', 'Q58412995', 'Q58039022', 'Q58257909']"
AVII,,Q42687145,scientific article published on 27 November 2014,"['Q42687145', 'Q39093470', 'Q60036419', 'Q7082065', 'Q24205959']"
Natural systems ,,Q20823063,scientific article,"['Q20823063', 'Q58042621', 'Q37073971', 'Q59090400', 'Q51416023']"
Natural variability ,,Q37108937,scientific article published on 13 April 2016,"['Q37108937', 'Q57175940', 'Q57175987', 'Q39073055', 'Q59088009']"
Near-surface permafrost ,,Q61469161,scholarly article,"['Q61469161', 'Q57103901', 'Q57539781', 'Q57410860', 'Q58316046']"
Negative greenhouse gas emissions ,,Q98664798,scientific article published on 24 August 2020,"['Q98664798', 'Q59881894', 'Q111810401', 'Q120442120', 'Q120239135']"
Net negative greenhouse gas emissions ,,Q98664798,scientific article published on 24 August 2020,['Q98664798']
Net primary production ,NPP) ,Q56083320,scientific article published in Nature,"['Q56083320', 'Q56168533', 'Q58413473', 'Q31081824', 'Q58111894']"
Net zero CO,,Q706638,Japanese anime television series,"['Q706638', 'Q1774424', 'Q111323005', 'Q108980246', 'Q114030614']"
Net zero greenhouse gas emissions ,,Q112782547,scientific article published on 21 July 2021,"['Q112782547', 'Q113285312', 'Q112671472', 'Q115472228']"
Nitrogen deposition ,,Q57029186,article,"['Q57029186', 'Q28658792', 'Q57310168', 'Q56779725', 'Q57774163']"
Nitrous oxide ,N,Q905750,chemical compound,"['Q905750', 'Q4044806', 'Q1532130', 'Q22982158', 'Q23170942']"
Non-CO,,Q79913,"organization independent of any government, usually created to aid those in need","['Q79913', 'Q35505', 'Q37594577', 'Q147538', 'Q8910']"
Non-linearity ,,Q58863494,article,"['Q58863494', 'Q68950605', 'Q119984424', 'Q83762765', 'Q83762756']"
Non-methane volatile organic compounds ,NMVOCs) ,Q98226379,scientific article published on 27 July 2020,"['Q98226379', 'Q57882141', 'Q57882460', 'Q107590895', 'Q107590898']"
Non-overshoot pathways ,,,,
North American monsoon ,NAmerM) ,Q56864081,article,"['Q56864081', 'Q56782593', 'Q33649266', 'Q57450923', 'Q58063965']"
Northern Annular Mode ,NAM) ,Q57997293,article,"['Q57997293', 'Q63968712', 'Q56331215', 'Q58268892', 'Q61656234']"
North Atlantic Oscillation ,NAO) ,Q39106007,scientific article published on April 2009,"['Q39106007', 'Q56227375', 'Q57499339', 'Q58403936', 'Q7053992']"
AVIIthe embedded ,,,,
Northern polar vortex ,,Q90241697,scientific article published on 23 September 2019,"['Q90241697', 'Q58243687', 'Q57949807', 'Q58072628', 'Q58316412']"
Ocean ,,Q98,"ocean between Asia, Australia and the Americas","['Q98', 'Q1239', 'Q97', 'Q1693', 'Q350134']"
Ocean acidification ,OA) ,Q46311219,scientific article,"['Q46311219', 'Q855711', 'Q58392578', 'Q22065386', 'Q112465055']"
Ocean alkalinization/Ocean alkalinity enhancement ,,Q56679518,article,"['Q56679518', 'Q58096669', 'Q58306531', 'Q117423073', 'Q117423311']"
Ocean carbon cycle ,,Q58113735,,"['Q58113735', 'Q58114168', 'Q90169583', 'Q21136160', 'Q28139156']"
Ocean deoxygenation ,,Q38645781,scientific article,"['Q38645781', 'Q58240069', 'Q64025123', 'Q56017481', 'Q38645784']"
Ocean dynamic sea level change ,,Q108107296,scientific article,"['Q108107296', 'Q108107313', 'Q59522942', 'Q108107360', 'Q114061015']"
Ocean fertilization ,,Q33364829,scientific article,"['Q33364829', 'Q58390422', 'Q56554730', 'Q57307918', 'Q28277996']"
Ocean heat uptake efficiency ,,Q58014269,scholarly article,"['Q58014269', 'Q114650419']"
Ocean stratification ,,Q61797543,scientific article published in Nature Communications,"['Q61797543', 'Q58258062', 'Q58412622', 'Q58406951', 'Q58072110']"
Orbital forcing ,,Q58072214,,"['Q58072214', 'Q57857648', 'Q34152183', 'Q59098106', 'Q57215086']"
Organic aerosol ,,Q58103238,article,"['Q58103238', 'Q58094909', 'Q58186375', 'Q58059017', 'Q58096577']"
Outgoing longwave radiation ,,Q58059929,scholarly article,"['Q58059929', 'Q59783095', 'Q58311660', 'Q58098963', 'Q59875167']"
Outlet glacier ,,Q59837423,scholarly article,"['Q59837423', 'Q36541265', 'Q58241283', 'Q61043658', 'Q38462824']"
Overshoot pathways ,,Q111110255,scientific article published on 13 June 2018,['Q111110255']
Oxygen minimum zone ,OMZ) ,Q33787220,scientific article,"['Q33787220', 'Q37281451', 'Q33320874', 'Q35979328', 'Q33414079']"
Ozone ,O,Q36933,chemical compound,"['Q36933', 'Q79995', 'Q183140', 'Q117347918', 'Q15762131']"
Ozone layer ,,Q79995,region of Earth's stratosphere that absorbs most of the Sun's UV radiation,"['Q79995', 'Q183140', 'Q219438', 'Q686455', 'Q70407974']"
Ozone-depleting substances ,ODSs) ,Q55923464,article,"['Q55923464', 'Q58305833', 'Q58071914', 'Q58262618', 'Q59164511']"
AVII,,Q42687145,scientific article published on 27 November 2014,"['Q42687145', 'Q39093470', 'Q60036419', 'Q7082065', 'Q24205959']"
Pacific Decadal Oscillation ,PDO) ,Q58315119,scholarly article by Petr Chylek et al published 5 September 2013 in Climate Dynamics,"['Q58315119', 'Q58406241', 'Q58458573', 'Q56484630', 'Q58013537']"
Pacific Decadal Variability ,PDV) ,Q58412337,article,"['Q58412337', 'Q57229909', 'Q58268028', 'Q57405429', 'Q60536459']"
Pacific-North American ,PNA) pattern ,Q36306874,scientific article,"['Q36306874', 'Q58303910', 'Q58303878', 'Q58304007', 'Q57890942']"
Palaeocene–Eocene Thermal Maximum ,PETM) ,Q38600116,scientific article published on August 2017,"['Q38600116', 'Q57213136', 'Q57059891', 'Q60061092', 'Q56017471']"
Paleoclimate ,,Q58396946,,"['Q58396946', 'Q112955154', 'Q58099002', 'Q112933097', 'Q112783641']"
Parameterization ,,Q112858365,2003 doctoral thesis by Mohar Chattopadhyay at University of Canterbury,"['Q112858365', 'Q58406573', 'Q107380748', 'Q110143222', 'Q117808837']"
Pathways ,,Q7999828,database of biological ,"['Q7999828', 'Q133895', 'Q1057', 'Q162643', 'Q2134522']"
AVII,,Q42687145,scientific article published on 27 November 2014,"['Q42687145', 'Q39093470', 'Q60036419', 'Q7082065', 'Q24205959']"
Pattern scaling ,,Q7942,current rise in Earth's average temperature and related large-,"['Q7942', 'Q37358716', 'Q36827914', 'Q57894743', 'Q58385530']"
Peat ,,Q493751,"Professional services offering audit, legal, tax advisory, financial, and business advisory services","['Q493751', 'Q30019', 'Q184624', 'Q1681353', 'Q36449705']"
Peatlands ,,Q1681353,wetland that accumulates peat due to incomplete decomposition of plant leftovers,"['Q1681353', 'Q36449705', 'Q7158467', 'Q56613949', 'Q104373908']"
Percentile ,,Q226995,middle quantile of a data set or probability distribution,"['Q226995', 'Q1886514', 'Q45104739', 'Q57563266', 'Q2913954']"
Permafrost ,,Q179918,soil frozen permanently (practically for a duration of at least two years),"['Q179918', 'Q15765134', 'Q17415474', 'Q61754770', 'Q54087038']"
Perturbed parameter ensemble ,,Q58318865,,"['Q58318865', 'Q57921290', 'Q58063400', 'Q36356883', 'Q57921281']"
Phenology ,,Q272737,study of periodic events in biological life cycles,"['Q272737', 'Q112871062', 'Q112923241', 'Q56992124', 'Q51517763']"
AVIIand some bacteria using the energy of light. ,,,,
Physical climate storyline ,,Q67230763,article by Ted G. Shepherd et al published 2018 in Climatic Change,"['Q67230763', 'Q114174176']"
Piacenzian warm period ,,Q97540692,scientific article published on 09 July 2020,"['Q97540692', 'Q59841562', 'Q57084943', 'Q70682706', 'Q60304926']"
Plankton ,,Q25367,Organisms that are in the water column and are incapable of swimming against current,"['Q25367', 'Q57312855', 'Q184755', 'Q15764467', 'Q842627']"
Plant evaporative stress ,,,,
Pleistocene ,,Q25546,first epoch of the Quaternary Period,"['Q25546', 'Q492596', 'Q2099296', 'Q567911', 'Q428579']"
Pliocene ,,Q76259,epoch,"['Q76259', 'Q146094', 'Q514873', 'Q67981664', 'Q59623394']"
Polar amplification ,,Q56618888,,"['Q56618888', 'Q58072172', 'Q57892677', 'Q58059321', 'Q58064194']"
Pollen analysis ,,Q57064683,,"['Q57064683', 'Q74197747', 'Q28951364', 'Q59059347', 'Q51409201']"
"Pool, carbon and nitrogen ",,Q52638835,scientific article published on 24 March 2018,"['Q52638835', 'Q39347130', 'Q44480230', 'Q112818970', 'Q58380243']"
Post-glacial period ,,Q1161410,rise of land masses that were depressed by the huge weight of ice sheets during the last glacial period,"['Q1161410', 'Q63645775', 'Q60264893', 'Q57701002', 'Q59110697']"
Potential evapotranspiration ,,Q57193956,article,"['Q57193956', 'Q112839616', 'Q51520400', 'Q57411015', 'Q57956340']"
Pre-industrial ,period) ,Q38142,military nobility of ,"['Q38142', 'Q112836377', 'Q59064682', 'Q59104871', 'Q60270094']"
Precipitable water ,,Q58203439,article,"['Q58203439', 'Q58981041', 'Q60711594', 'Q57871311', 'Q106334102']"
Precursors ,,Q416485,pharmaceutical drug,"['Q416485', 'Q4376728', 'Q499956', 'Q3246226', 'Q191835']"
Predictability ,,Q11395,sustained multi-generational relationship in which one group of organisms assumes a significant degree of influence over the reproduction and care of another group to secure a more ,"['Q11395', 'Q176640', 'Q111942797', 'Q32091912', 'Q110143247']"
Prediction quality/skill ,,Q37367132,scientific article published on 26 October 2016,"['Q37367132', 'Q113185665']"
Primary production ,,Q165647,,"['Q165647', 'Q58111942', 'Q56083320', 'Q59072139', 'Q90473276']"
Probability density function ,PDF) ,Q207522,function whose integral over a region describes the probability of an event occurring in that region,"['Q207522', 'Q55980546', 'Q74282488', 'Q58174597', 'Q56991804']"
Process-based model ,,Q90286528,scientific article published on 05 December 2018,"['Q90286528', 'Q56964391', 'Q57242397', 'Q57054730', 'Q58457515']"
Projection ,,Q309372,cylindrical map projection invented by Gerardus Mercator in 1569,"['Q309372', 'Q186386', 'Q608353', 'Q13415428', 'Q980329']"
AVIIand ,,,,
Proxy ,,Q313998,"1994 film by Joel Coen, Ethan Coen","['Q313998', 'Q832098', 'Q1414765', 'Q17076685', 'Q62020436']"
Proxy records ,,Q63972132,,"['Q63972132', 'Q57914913', 'Q57664617', 'Q58206859', 'Q57664613']"
Quasi-Biennial Oscillation ,QBO) ,Q56143444,scholarly article,"['Q56143444', 'Q58305831', 'Q58402425', 'Q58316446', 'Q57949567']"
Quaternary ,,Q26185,third and current period of the Cenozoic era,"['Q26185', 'Q25546', 'Q7269557', 'Q6295831', 'Q7269556']"
Radiative forcing ,,Q57277831,article,"['Q57277831', 'Q55953660', 'Q56286585', 'Q58098473', 'Q56865774']"
Radiative response ,of the climate system)  ,Q56837530,article,"['Q56837530', 'Q57452901', 'Q58071660', 'Q33696895', 'Q58262192']"
Rapid dynamical change ,of glaciers or ice sheets) ,Q30992467,scientific article,"['Q30992467', 'Q41352832', 'Q87148130', 'Q51098463', 'Q37054308']"
Reanalysis ,,Q34420759,scientific article,"['Q34420759', 'Q58104022', 'Q58115740', 'Q58103865', 'Q27860870']"
Reasons for concern ,RFCs) ,Q36522650,scientific article published on 28 June 2006,"['Q36522650', 'Q23912082', 'Q34538350', 'Q35026875', 'Q90439232']"
Reconstruction ,of climate variable) ,Q221887,2003 film by Christoffer Boe,"['Q221887', 'Q191384', 'Q3212176', 'Q623429', 'Q26842360']"
Reference period ,,Q57702375,article,"['Q57702375', 'Q53187099', 'Q58315203', 'Q114116345', 'Q46280528']"
Reference scenario ,,Q33783628,scientific article,"['Q33783628', 'Q59841562', 'Q64080221', 'Q58061675', 'Q36963966']"
Reforestation ,,Q815818,natural or intentional restocking of existing forests and woodlands that have been depleted,"['Q815818', 'Q51524941', 'Q51428274', 'Q51518681', 'Q51433384']"
Region ,,Q12130,administrative region of France,"['Q12130', 'Q845168', 'Q205057', 'Q5701', 'Q207973']"
Regional climate model ,RCM) ,Q57169116,article,"['Q57169116', 'Q58261015', 'Q57240049', 'Q56582036', 'Q57658552']"
Regional sea level change ,,Q98907563,scientific article published on 01 September 2020,"['Q98907563', 'Q58072343', 'Q57527923', 'Q58385834', 'Q58385823']"
Relative humidity ,,Q21090528,scientific article,"['Q21090528', 'Q2499617', 'Q58539986', 'Q57872608', 'Q51383397']"
Relative sea level ,RSL) change ,Q57925247,,"['Q57925247', 'Q37707922', 'Q57618954', 'Q57879029', 'Q57942720']"
Remaining carbon budget ,,Q72502599,scientific article published in July 2019,"['Q72502599', 'Q110320192', 'Q109870755', 'Q91739811', 'Q110320226']"
Representative Concentration Pathways ,RCPs) ,Q58389814,scholarly article,"['Q58389814', 'Q58314569', 'Q57914889', 'Q57265925', 'Q57265880']"
AVIIwhere a ,,,,
Resilience ,,Q219416,ability of human civilization to coexist with the biosphere in a steady state,"['Q219416', 'Q4105337', 'Q7315544', 'Q4105196', 'Q26885213']"
Resolution ,,Q60065815,special episode of Doctor Who,"['Q60065815', 'Q210521', 'Q1194317', 'Q15171', 'Q1932836']"
Respiration ,,Q7886,essential ,"['Q7886', 'Q39572', 'Q9530', 'Q912751', 'Q545991']"
Response time or adjustment time ,,Q38416987,scientific article published on August 2011,"['Q38416987', 'Q108016535', 'Q92405297', 'Q30419654', 'Q48856569']"
Return period ,,Q96590694,scholarly article by Marie-Audray Ouellet & Daniel Germain published 24 April 2014 in Earth Surface Processes and Landforms,"['Q96590694', 'Q57870187', 'Q59122100', 'Q57933614', 'Q61688028']"
Return value ,,Q112381784,2019 doctoral thesis by Ploypailin Kijkasiwat at University of Waikato,"['Q112381784', 'Q115583622', 'Q72828677', 'Q58065761', 'Q951651']"
Risk ,,Q410237,medication that is used to reduce the ,"['Q410237', 'Q189447', 'Q104493', 'Q334911', 'Q1058438']"
Risk assessment ,,Q1058438,analysis with risk acceptance criteria or other decision parameters,"['Q1058438', 'Q3076429', 'Q15759704', 'Q15760514', 'Q15759183']"
Risk framework ,,Q24811056,scientific article,"['Q24811056', 'Q57898209', 'Q28078091', 'Q58847524', 'Q91617686']"
Risk management ,,Q189447,"identification, evaluation, and prioritization of risks","['Q189447', 'Q7916443', 'Q15766913', 'Q15767606', 'Q15817524']"
Risk perception ,,Q56976651,article published in 2016,"['Q56976651', 'Q112870070', 'Q112870637', 'Q112851296', 'Q26375248']"
Risk trade-off ,,Q35070196,scientific article,"['Q35070196', 'Q39822506', 'Q90827131', 'Q57125914', 'Q58689295']"
River discharge ,,Q58048222,scholarly article,"['Q58048222', 'Q57894043', 'Q57033610', 'Q58419880', 'Q50711879']"
Rock glacier ,,Q62654963,article,"['Q62654963', 'Q57882134', 'Q57878846', 'Q7807641', 'Q59863810']"
Runoff ,,Q156849,infrastructure that conveys sewage or surface ,"['Q156849', 'Q336191', 'Q752112', 'Q1444790', 'Q1491219']"
Sampling uncertainty ,,Q64093464,scientific article published on 01 January 2019,"['Q64093464', 'Q28821831', 'Q34460700', 'Q63884718', 'Q37277443']"
Scenario ,,Q103076,written work by screenwriters for a film or television program,"['Q103076', 'Q1531622', 'Q50520863', 'Q107258', 'Q55174824']"
"AVIInor forecasts, but are used to provide a view of the implications of developments and actions. See also ",,,,
Scenario storyline ,,Q90344490,scientific article published on 04 October 2018,"['Q90344490', 'Q57150412', 'Q91201877', 'Q117707085', 'Q57738642']"
Sea ice ,,Q213926,ice formed from frozen seawater,"['Q213926', 'Q16243069', 'Q13398859', 'Q56614006', 'Q90921422']"
Sea level change ,sea level rise/sea level fall) ,Q56001994,scholarly article by A. Cazenave published 2004 in Reviews of Geophysics,"['Q56001994', 'Q50605644', 'Q58980088', 'Q56001998', 'Q58458916']"
AVII,,Q42687145,scientific article published on 27 November 2014,"['Q42687145', 'Q39093470', 'Q60036419', 'Q7082065', 'Q24205959']"
Sea level equivalent ,SLE) ,Q51069126,scientific article published in December 2000,"['Q51069126', 'Q46048186', 'Q33460421', 'Q70645863', 'Q87014166']"
Sea level rise ,SLR) ,Q841083,current long-term trend for global sea levels to rise mainly in response to climate change,"['Q841083', 'Q37049917', 'Q30979589', 'Q112858149', 'Q59037236']"
Sea surface temperature ,SST) ,Q58304612,scientific article published on 10 December 2020,"['Q58304612', 'Q58312833', 'Q58412638', 'Q58075877', 'Q112926396']"
Semi-direct ,aerosol) effect ,Q21129061,scholarly article,"['Q21129061', 'Q58400307', 'Q56837623', 'Q58383496', 'Q56837522']"
Semi-empirical model ,,Q61656930,scholarly article,"['Q61656930', 'Q60303066', 'Q110214335', 'Q71518928', 'Q100723060']"
Sensible heat flux ,,Q58067942,article,"['Q58067942', 'Q37644235', 'Q60571636', 'Q58263677', 'Q58243630']"
Sequestration ,,Q15305550,process of long-term carbon capture,"['Q15305550', 'Q688890', 'Q57408422', 'Q18554173', 'Q56613784']"
Sequestration potential ,,Q64086980,scientific article published on 02 April 2019,"['Q64086980', 'Q57036626', 'Q58247974', 'Q58407990', 'Q57029334']"
Shared policy assumptions ,SPAs) ,Q57265878,scholarly article by Elmar Kriegler et al published 28 January 2014 in Climatic Change,['Q57265878']
Shared Socio-economic Pathways ,SSPs) ,Q57265845,scholarly article by Shilpa Rao et al published January 2017 in Global Environmental Change,"['Q57265845', 'Q56867486', 'Q57265849', 'Q111110246', 'Q28657887']"
Short-lived climate forcers ,SLCFs) ,Q48043630,scientific article published on 11 January 2018,"['Q48043630', 'Q52809362', 'Q57402939', 'Q101564435', 'Q34934168']"
"AVIIindirect, with direct SLCFs exerting climate effects through their radiative forcing and indirect SLCFs being the ",,,,
Short-lived climate pollutants ,SLCP) ,Q57402935,,"['Q57402935', 'Q56112445', 'Q58380795', 'Q69252438', 'Q58267174']"
Shortwave radiation ,,Q33919622,scientific article,"['Q33919622', 'Q63952848', 'Q64450817', 'Q57864974', 'Q58315672']"
Significant wave height ,,Q59207928,article by Ole Johan Aarnes et al published April 2017 in Journal of Geophysical Research: Oceans,"['Q59207928', 'Q59121990', 'Q58110597', 'Q59270704', 'Q57634746']"
Simple climate model ,SCM) ,Q56620053,article,"['Q56620053', 'Q58879968', 'Q58079238', 'Q56049847', 'Q28611275']"
Sink ,,Q758,chemical element with symbol Zn and atomic number 30,"['Q758', 'Q27452406', 'Q188734', 'Q140565', 'Q61273551']"
Small Island Developing States ,SIDS) ,Q1434887,Developing countries that are small island countries,"['Q1434887', 'Q89573191', 'Q92613472', 'Q112574913', 'Q60512940']"
Snow cover ,,Q58068340,scholarly article by C Schlosser published June 2001 in Atmospheric Science Letters,"['Q58068340', 'Q60359174', 'Q59289871', 'Q57692075', 'Q59292541']"
Socio-economic scenario ,,Q57197303,article,"['Q57197303', 'Q58094958', 'Q57249031', 'Q39829416', 'Q58307309']"
Soil moisture ,,Q3459718,NASA environmental monitoring satellite,"['Q3459718', 'Q280068', 'Q373499', 'Q51502774', 'Q51404046']"
Soil temperature ,,Q58064484,,"['Q58064484', 'Q57447059', 'Q111290576', 'Q112855294', 'Q112884809']"
Solar activity ,,Q7297568,"sunspots, flares, eruptions, etc. on the surface of the Sun","['Q7297568', 'Q56060868', 'Q3874259', 'Q1445154', 'Q7556140']"
Solar cycle ,11-year) ,Q49385,periodic change in the Sun's activity,"['Q49385', 'Q1076275', 'Q3874259', 'Q7556123', 'Q48834848']"
Solar radiation ,,Q774583,device that transforms solar radiation into electrical or thermal energy,"['Q774583', 'Q192127', 'Q54368', 'Q368891', 'Q17996169']"
Solar radiation modification ,SRM) ,Q114603141,scientific article published in 2021,"['Q114603141', 'Q57264215', 'Q73734366', 'Q114120760', 'Q113353345']"
AVIIdissolved inorganic carbon ,,,,
Source ,,Q2709092,2011 film by Radu Mihăileanu,"['Q2709092', 'Q473673', 'Q585724', 'Q124714', 'Q83373']"
South American monsoon ,SAmerM) ,Q37692268,scientific article published on 10 March 2017,"['Q37692268', 'Q52629609', 'Q36819572', 'Q61800865', 'Q37604432']"
South and Southeast Asian monsoon ,SAsiaM) ,Q40397460,scientific article published on 13 August 2016,"['Q40397460', 'Q114138022']"
Southern Annular Mode ,SAM) ,Q58391251,scholarly article,"['Q58391251', 'Q58394370', 'Q58391865', 'Q58894763', 'Q58383127']"
South Pacific Convergence Zone ,SPCZ) ,Q56083169,,"['Q56083169', 'Q38928755', 'Q57914900', 'Q58458703', 'Q56575894']"
Southern Oscillation ,,Q58387062,scholarly article,"['Q58387062', 'Q100416026', 'Q58402425', 'Q14524818', 'Q37469574']"
Specific humidity ,,Q58379857,article,"['Q58379857', 'Q58856003', 'Q57397497', 'Q58387134', 'Q57140516']"
Stadial or stade ,,Q13205,national stadium of France,"['Q13205', 'Q483110', 'Q172190', 'Q131610', 'Q1410402']"
Statistical downscaling ,,Q57637460,,"['Q57637460', 'Q56838582', 'Q57249152', 'Q58007414', 'Q59142313']"
Steric sea level change ,,Q58053309,scholarly article by J. Körper et al published 12 December 2012 in Climate Dynamics,"['Q58053309', 'Q57142785', 'Q58306270', 'Q59603601', 'Q58268197']"
Storm surge ,,Q121742,offshore rise of water associated with a low pressure weather system,"['Q121742', 'Q506912', 'Q53123938', 'Q592724', 'Q114494376']"
Storm tracks ,,Q58409023,article by Joseph Kidston et al published 18 May 2015 in Nature Geoscience,"['Q58409023', 'Q58258958', 'Q58407375', 'Q59102769', 'Q58918233']"
Storyline ,,Q77009735,print in the National Gallery of Art (NGA 171502),"['Q77009735', 'Q15972384', 'Q65576866', 'Q65576850', 'Q65576864']"
Stratification ,,Q187588,hierarchical social ,"['Q187588', 'Q841628', 'Q15750763', 'Q1893382', 'Q2298837']"
Stratosphere ,,Q7622243,2004 film by Matthias X. Oberg,"['Q7622243', 'Q8073795', 'Q183140', 'Q108376', 'Q2719168']"
Stratospheric aerosol injection ,SAI) ,Q58312280,scholarly article,"['Q58312280', 'Q58384363', 'Q58114310', 'Q58392920', 'Q58070036']"
Stratosphere–troposphere exchange ,STE) ,Q58381553,article,"['Q58381553', 'Q58384206', 'Q58256336', 'Q60170178', 'Q58053205']"
Stratospheric ozone ,,Q56656874,article,"['Q56656874', 'Q58264090', 'Q56637407', 'Q61656930', 'Q58081461']"
Stratospheric polar vortex ,,Q99551096,scientific article published on 15 September 2020,"['Q99551096', 'Q58077951', 'Q56504332', 'Q58409015', 'Q58409034']"
Stratospheric sounding unit ,SSU) ,Q35966055,scientific article,"['Q35966055', 'Q59842107', 'Q57403004', 'Q56080587']"
AVIIexpressed in ms. A synonym for river discharge.,,,,
Subduction ,,Q176318,geological process at tectonic plate boundaries,"['Q176318', 'Q4024718', 'Q110598079', 'Q18615421', 'Q164040']"
Sudden stratospheric warming ,SSW) ,Q58409031,article,"['Q58409031', 'Q58409027', 'Q56143591', 'Q56143589', 'Q56143594']"
Sulphur hexafluoride ,SF,Q279055,"chemical compound, non-toxic, climate-damaging gas","['Q279055', 'Q57949358', 'Q37783756', 'Q83737638', 'Q74216857']"
Sunspots ,,Q177186,English astronomer studying ,"['Q177186', 'Q119830', 'Q6582994', 'Q49385', 'Q60418743']"
Surface air temperature ,,Q57760625,scholarly article,"['Q57760625', 'Q55894799', 'Q58412688', 'Q57431658', 'Q58404521']"
Surface mass balance ,SMB) ,Q58315168,scholarly article by K. S. Mattingly et al published 21 August 2018 in Journal of Geophysical Research: Atmospheres,"['Q58315168', 'Q57655569', 'Q59198394', 'Q59845118', 'Q57655573']"
Surface temperature ,,Q56443787,article,"['Q56443787', 'Q24289381', 'Q765461', 'Q51495967', 'Q51472692']"
Surprises ,,Q51687,"city in Maricopa County, Arizona, United States","['Q51687', 'Q333173', 'Q21428016', 'Q1990047', 'Q3221060']"
Swash ,,Q45756112,consulantant neurologist,"['Q45756112', 'Q5932689', 'Q7487858', 'Q117607287', 'Q112505828']"
Talik ,,Q1133121,predominant calligraphic hand of the Perso-Arabic script,"['Q1133121', 'Q9394732', 'Q11721015', 'Q16530341', 'Q36885027']"
Technical potential ,,Q57028472,article,"['Q57028472', 'Q28680652', 'Q43361109', 'Q112948295', 'Q43324653']"
Teleconnection ,,Q58260999,scholarly article,"['Q58260999', 'Q56047956', 'Q58393285', 'Q57568235', 'Q57579855']"
Teleconnection pattern ,,Q59045576,scholarly article by Ji-Hyun Oh et al published 2014 in Advances in Meteorology,"['Q59045576', 'Q58241184', 'Q59436060', 'Q58468896', 'Q57921139']"
Temperature overshoot ,,Q45998809,scientific article published on 7 November 2017,"['Q45998809', 'Q92622271', 'Q74397938', 'Q107589868', 'Q114827881']"
Terrestrial radiation ,,Q39199667,scientific article published on 5 November 2015,"['Q39199667', 'Q1185086', 'Q56697557', 'Q35552438', 'Q51350751']"
Thermal expansion ,,Q38416769,scientific article published on June 2015,"['Q38416769', 'Q39017387', 'Q6583695', 'Q74761076', 'Q57862736']"
Thermocline ,,Q30886969,scientific article,"['Q30886969', 'Q58085361', 'Q107046996', 'Q849599', 'Q80967767']"
Thermohaline circulation ,THC) ,Q30675841,scientific article,"['Q30675841', 'Q57229902', 'Q60569874', 'Q56213339', 'Q56812835']"
Thermokarst ,,Q64077394,article,"['Q64077394', 'Q31135981', 'Q35571696', 'Q58192210', 'Q37039651']"
Thermosteric ,,Q57099087,scholarly article,"['Q57099087', 'Q58385825', 'Q60345755', 'Q51946091', 'Q116150642']"
Tide gauge ,,Q686697,device for measuring the change in sea level relative to a datum,"['Q686697', 'Q1515107', 'Q57876594', 'Q10327065', 'Q59088807']"
Time of emergence ,ToE) ,Q100395676,scientific article published on 23 August 2020,"['Q100395676', 'Q58385823', 'Q94591643', 'Q36779520', 'Q58388445']"
Tipping element ,,Q37469542,scholarly article,"['Q37469542', 'Q9788', 'Q19474404', 'Q1697305', 'Q114126611']"
Tipping point ,,Q7068013,2010 film by Ben Goddard,"['Q7068013', 'Q336342', 'Q7808928', 'Q7808929', 'Q18515779']"
"AVIIthe seawater acid–base system which, when expressed in micromoles per kilogram of seawater, is a conservative variable both on mixing and for changes in temperature and/or pressure. Changes in total alkalinity in the ",,,,
Total carbon budget ,,Q58240902,article by Marta Álvarez et al published 3 January 2003 in Global Biogeochemical Cycles,"['Q58240902', 'Q117430410', 'Q58240905', 'Q61644073', 'Q59769075']"
Total solar irradiance ,TSI) ,Q56609643,,"['Q56609643', 'Q58246599', 'Q56158582', 'Q56609641', 'Q58246727']"
Total water level ,,Q58315261,article by Katherine A. Serafin & Peter Ruggiero published September 2014 in Journal of Geophysical Research: Oceans,"['Q58315261', 'Q57095962', 'Q89488126', 'Q92268784', 'Q73226196']"
Trace gas ,,Q38028367,scientific article published on 20 July 2012,"['Q38028367', 'Q2090722', 'Q58100248', 'Q56699655', 'Q37132202']"
Transient climate response ,TCR) ,Q56837530,article,"['Q56837530', 'Q31001612', 'Q56837408', 'Q56837414', 'Q97424838']"
Transient climate response to cumulative CO,,Q57175835,,['Q57175835']
Tree rings ,,Q80205,method of dating based on the analysis of patterns of tree rings,"['Q80205', 'Q57268659', 'Q58034172', 'Q60536441', 'Q58034088']"
Tropical Atlantic modes ,,Q56782541,article by Wei Zhang et al published 11 May 2016 in Climate Dynamics,"['Q56782541', 'Q58839098', 'Q61821499', 'Q113349281', 'Q61730755']"
Tropical Atlantic Variability ,TAV) ,Q58075887,article by Balaji Rajagopalan et al published 1 November 1998 in Geophysical Research Letters,"['Q58075887', 'Q58410910', 'Q59702945', 'Q58410893', 'Q59224417']"
Tropical cyclone ,,Q8092,rapidly rotating storm system,"['Q8092', 'Q106282753', 'Q96375772', 'Q29817943', 'Q22056601']"
Tropopause ,,Q56851243,,"['Q56851243', 'Q58399203', 'Q56837618', 'Q186433', 'Q58319886']"
Troposphere ,,Q107384032,Python library,"['Q107384032', 'Q40631', 'Q186433', 'Q116261748', 'Q116186824']"
Tropospheric ozone ,,Q37476510,scientific article published on March 2009,"['Q37476510', 'Q57202577', 'Q57997294', 'Q58381537', 'Q59067294']"
Tundra ,,Q703702,species of rodents,"['Q703702', 'Q43262', 'Q96336612', 'Q2016601', 'Q2492828']"
Turnover time ,T) ,Q37351276,scientific article published on 06 June 2009,"['Q37351276', 'Q70734985', 'Q57280471', 'Q42843481', 'Q70072044']"
Typhoon ,,Q486030,South Korean action film,"['Q486030', 'Q376070', 'Q151384', 'Q140588', 'Q18709135']"
Typological domains ,,Q91034936,scientific article published on 31 October 2019,"['Q91034936', 'Q91604877']"
Typological regions ,,,,
Uncertainty ,,Q3549199,"2008 film by David Siegel, Scott McGehee","['Q3549199', 'Q179985', 'Q13649246', 'Q44746', 'Q15757304']"
AVII,,Q42687145,scientific article published on 27 November 2014,"['Q42687145', 'Q39093470', 'Q60036419', 'Q7082065', 'Q24205959']"
United Nations Framework Convention on Climate Change ,UNFCCC) ,Q21707860,"international agreement from 12 December 2015 within the United Nations Framework Convention on Climate Change (UNFCCC) dealing with greenhouse gas emissions mitigation, adaptation and finance starting in the year 2020","['Q21707860', 'Q208645', 'Q64064236', 'Q28109478', 'Q59883781']"
Uptake ,,Q334477,class of drugs that are typically used as antidepressants in the treatment of major depressive disorder and anxiety disorders.,"['Q334477', 'Q321362', 'Q461499', 'Q2273909', 'Q899668']"
Upwelling region ,,Q58458705,,"['Q58458705', 'Q37578780', 'Q57900982', 'Q57889954', 'Q59417572']"
Urban heat island ,UHI) ,Q57090027,scientific article published on 06 January 2021,"['Q57090027', 'Q215712', 'Q37197854', 'Q58866860', 'Q53990495']"
Urbanization ,,Q1508,"highly urbanized city in Metro Manila, Philippines","['Q1508', 'Q161078', 'Q5381005', 'Q23580084', 'Q2608153']"
Ventilation ,,Q9530,process that moves air in and out of the lungs,"['Q9530', 'Q170477', 'Q813243', 'Q584049', 'Q545991']"
Very short-lived halogenated substances ,VSLSs) ,Q56333792,scholarly article,"['Q56333792', 'Q108908395', 'Q57882216', 'Q108908372', 'Q108908374']"
Volatile organic compounds ,VOCs) ,Q910267,organic chemicals having a high vapor pressure at room temperature,"['Q910267', 'Q66061199', 'Q37663060', 'Q102153338', 'Q51384706']"
Vulnerability ,,Q104493,potential for uncontrolled loss due to underlying ,"['Q104493', 'Q1810573', 'Q631425', 'Property:P3587', 'Q1178984']"
Walker circulation ,,Q39527497,scientific article published on November 2012,"['Q39527497', 'Q56680034', 'Q57941413', 'Q58308897', 'Q62736915']"
Warm spell ,,Q58098805,article,"['Q58098805', 'Q111109654', 'Q33960493', 'Q57073559', 'Q58180398']"
Water cycle ,,Q81041,"continuous movement of water on, above and below the surface of the Earth","['Q81041', 'Q34112036', 'Q73718666', 'Q20127660', 'Q56083070']"
Water mass ,,Q752112,"water on the continents surface, rather than underground","['Q752112', 'Q58833072', 'Q37334980', 'Q1404150', 'Q51470893']"
Water security ,,Q96320215,journal,"['Q96320215', 'Q7973735', 'Q59387080', 'Q50572347', 'Q112888067']"
"AVIIpollution and water-related disasters, and for preserving ecosystems in a climate of peace and political stability’ ","UN-Water, 2013).",,,
Wave run-up ,,Q35227975,scientific article,"['Q35227975', 'Q51492267', 'Q59898780', 'Q59863777', 'Q56620893']"
Wave setup ,,Q104641969,scientific article published in August 2020,"['Q104641969', 'Q104641995', 'Q58091313', 'Q58106558', 'Q59524915']"
Weathering ,,Q59692464,2019 Japanese animated romantic fantasy film,"['Q59692464', 'Q11663', 'Q190107', 'Q182868', 'Q1735824']"
Well-mixed greenhouse gas ,,Q56620033,article,"['Q56620033', 'Q57539859', 'Q58071914', 'Q55880361']"
West African monsoon ,WAfriM) ,Q58257917,scholarly article,"['Q58257917', 'Q34633230', 'Q58068209', 'Q58418416', 'Q56672158']"
West Antarctic Ice Sheet ,WAIS) ,Q57308025,article,"['Q57308025', 'Q59092752', 'Q92060447', 'Q59092761', 'Q56681017']"
Wetland ,,Q170321,land area that is permanently or seasonally saturated with water,"['Q170321', 'Q30198', 'Q310719', 'Q166735', 'Q1681353']"
Younger Dryas ,,Q944279,"return to glacial conditions after the last glacial maximum, which temporarily reversed the gradual climatic warming","['Q944279', 'Q109721592', 'Q1092095', 'Q109670160', 'Q107285122']"
Zero emissions commitment ,,Q114107343,scientific article published in 2021,"['Q114107343', 'Q117427541', 'Q107589855', 'Q107589897', 'Q69250590']"
AVII,,Q42687145,scientific article published on 27 November 2014,"['Q42687145', 'Q39093470', 'Q60036419', 'Q7082065', 'Q24205959']"
AVII,,Q42687145,scientific article published on 27 November 2014,"['Q42687145', 'Q39093470', 'Q60036419', 'Q7082065', 'Q24205959']"
